# Blender 4.2.0
# www.blender.org
mtllib aquaduct.mtl
o Bridge
v -13.569521 0.871523 -11.731949
v -13.436287 -1.127398 -10.971041
v -15.562710 0.876156 -13.002272
v -16.380630 -1.120552 -12.847569
v -2.563510 12.960715 -8.755478
v 6.685169 26.219501 19.766531
v 7.275273 24.213043 9.718960
v -6.773811 12.975941 -5.380062
v -3.487041 24.370583 1.238430
v 3.713560 24.383125 -2.339727
v -4.165090 12.963136 -10.493719
v -9.789544 26.061850 -7.285593
v -9.789545 24.376078 -7.285591
v -8.375391 12.978363 -7.118303
v -2.563510 12.960715 -8.755478
v -6.773811 12.975941 -5.380062
v -4.165090 12.963136 -10.493719
v -13.057686 26.056459 -19.087154
v -28.152998 26.081755 -18.939819
v -8.375391 12.978363 -7.118303
v -25.158583 24.356010 -25.229801
v -34.574589 24.350988 -28.211788
v -36.992020 24.402466 -22.004562
v -0.863332 24.219513 19.100374
v -1.211689 24.224901 9.463857
v 6.685169 24.218433 19.766531
v -3.487042 26.067343 1.238430
v 3.693698 26.054697 -2.323853
v 6.070458 0.989223 16.551907
v -4.858245 24.374517 -13.146095
v 6.633867 -1.010777 16.027521
v -17.707256 24.379536 -13.239368
v -13.034635 24.375221 -19.117577
v 6.066926 0.989223 18.915493
v 6.628649 -1.010777 19.519014
v -28.156090 24.397438 -18.927933
v 0.687436 0.989223 16.173290
v -25.155293 26.040514 -25.241676
v 0.125713 -1.010777 15.569766
v -37.035889 26.082912 -22.035435
v 0.683903 0.989223 18.536873
v 0.120495 -1.010777 19.061260
v -10.363625 0.850775 -16.072693
v -9.560315 -1.152483 -16.219070
v -12.356814 0.855408 -17.343018
v -12.504658 -1.145638 -18.095596
v -19.412401 12.885816 -21.515957
v -22.134663 12.908467 -16.856655
v -21.530239 12.891525 -22.565376
v -24.252499 12.914180 -17.906078
v -19.412401 12.885816 -21.515957
v -22.134663 12.908467 -16.856655
v -21.530239 12.891525 -22.565376
v -24.252499 12.914180 -17.906078
v -30.520952 0.815928 -20.747696
v -30.208628 -1.183182 -20.041698
v -32.763783 0.823141 -21.493473
v -33.521751 -1.172525 -21.143368
v -28.470701 0.791203 -25.739304
v -27.729858 -1.213078 -26.076630
v -30.713537 0.798414 -26.485081
v -31.042980 -1.202419 -27.178299
v -33.513191 0.827446 -21.149757
v -30.200068 0.816788 -20.048088
v -27.721294 0.786896 -26.083015
v -18.639629 0.814156 -21.741524
v -21.930882 0.841539 -16.108364
v -21.768106 0.822590 -23.291725
v -25.059359 0.849977 -17.658566
v -16.373325 0.879431 -12.851732
v -12.497353 0.854345 -18.099758
v -13.428982 0.872583 -10.975204
v -9.553009 0.847500 -16.223232
v -1.753084 0.890587 -8.688686
v -6.843398 0.908995 -4.607758
v -4.118943 0.894165 -11.256420
v 6.628649 0.989223 19.519014
v 0.120495 0.989223 19.061260
v 6.633867 0.989223 16.027521
v 0.125713 0.989223 15.569766
v -32.745358 12.891060 -21.507233
v -30.695116 12.866331 -26.498844
v -30.502523 12.883842 -20.761448
v -28.452282 12.859117 -25.753059
v -21.776026 -1.177387 -23.286633
v -21.547283 0.823595 -22.554401
v -18.647551 -1.185823 -21.736431
v -19.429443 0.817886 -21.504986
v -15.546986 12.944098 -13.011240
v -12.341091 12.923347 -17.351986
v -13.553797 12.939463 -11.740911
v -10.347902 12.918715 -16.081657
v -4.124387 -1.105827 -11.254190
v -4.176810 0.895178 -10.488918
v -1.758528 -1.109404 -8.686457
v -2.575230 0.892757 -8.750675
v 6.066926 13.057203 18.915493
v 0.683903 13.057203 18.536873
v 6.070458 13.057203 16.551907
v 0.687436 13.057203 16.173290
v -32.745358 12.891060 -21.507233
v -30.695116 12.866331 -26.498844
v -30.502523 12.883842 -20.761448
v -28.452282 12.859117 -25.753059
v -25.067278 -1.150002 -17.653473
v -24.269545 0.846247 -17.895103
v -21.938801 -1.158436 -16.103268
v -22.151709 0.840538 -16.845692
v -15.546986 12.944098 -13.011240
v -12.341091 12.923347 -17.351986
v -13.553797 12.939463 -11.740911
v -10.347902 12.918715 -16.081657
v -9.214702 -1.087420 -7.173262
v -8.387111 0.910402 -7.113503
v -6.848842 -1.090998 -4.605528
v -6.785530 0.907982 -5.375261
v 6.066926 13.057203 18.915493
v 0.683903 13.057203 18.536873
v 6.070458 13.057203 16.551907
v 0.687436 13.057203 16.173290
v 6.379223 13.404156 19.074686
v 0.371197 13.404156 18.652107
v 6.383165 13.404156 16.436674
v 0.375139 13.404156 16.014095
v 5.994672 15.508167 18.661469
v 0.756994 15.508168 18.293074
v 5.997369 15.508167 16.795708
v 0.759690 15.508167 16.427313
v 6.379223 15.219694 19.074686
v 0.371197 15.219694 18.652107
v 6.383165 15.219694 16.436674
v 0.375139 15.219694 16.014095
v 5.994572 22.434952 18.661469
v 0.756894 22.434952 18.293074
v 6.326350 22.451151 12.756884
v 1.095237 22.418980 12.840240
v 5.994626 24.786255 18.661469
v 0.756948 24.786255 18.293074
v 6.328728 24.786404 12.758368
v 1.098233 24.786106 12.841566
v 6.012616 19.792200 15.425673
v 5.994626 19.653984 18.661469
v 0.776115 19.820320 15.087609
v 0.756948 19.653984 18.293074
v 0.690977 0.989223 9.570312
v 0.225786 -1.010777 10.183506
v 0.289342 0.989223 7.241098
v -0.367512 -1.010777 6.742785
v 6.059236 0.989223 9.020683
v 6.716089 -1.010777 9.518996
v 5.657600 0.989223 6.691470
v 6.122791 -1.010777 6.078276
v -0.367512 0.989223 6.742785
v 6.122791 0.989223 6.078276
v 0.225786 0.989223 10.183506
v 6.716089 0.989223 9.518996
v 0.289342 13.057203 7.241098
v 5.657600 13.057203 6.691470
v 0.690977 13.057203 9.570312
v 6.059236 13.057203 9.020683
v 0.289342 13.057203 7.241098
v 5.657600 13.057203 6.691470
v 0.690977 13.057203 9.570312
v 6.059236 13.057203 9.020683
v -0.045619 13.404156 7.137787
v 5.945928 13.404156 6.524344
v 0.402649 13.404156 9.737437
v 6.394196 13.404156 9.123993
v 0.405890 15.508141 7.478691
v 5.629203 15.508140 6.943903
v 0.719378 15.508183 9.317878
v 5.942690 15.508183 8.783090
v -0.045619 15.219694 7.137787
v 5.945928 15.219694 6.524344
v 0.402649 15.219694 9.737437
v 6.394196 15.219694 9.123993
v -0.350201 22.355160 4.511034
v 4.664831 22.408533 3.189244
v -0.361449 24.734772 4.514078
v 4.654065 24.730577 3.191364
v 0.944277 19.820311 10.639275
v 0.279787 19.800114 6.300982
v 6.167686 19.792133 10.135099
v 5.491519 19.749538 5.709023
v -0.070863 0.989223 8.463146
v -0.070863 -1.010777 8.463146
v 6.419440 0.989223 7.798635
v 6.419440 -1.010777 7.798635
v 0.490159 0.989223 8.405704
v 5.858418 0.989223 7.856077
v 0.490159 13.057203 8.405704
v 5.858418 13.057203 7.856077
v 0.490159 13.057203 8.405704
v 5.858418 13.057203 7.856077
v 0.178515 13.404156 8.437613
v 6.170062 13.404156 7.824169
v 0.178515 15.219694 8.437613
v 6.170062 15.219694 7.824169
v 0.562629 15.508181 8.398286
v 5.785942 15.508179 7.863497
v 0.664337 22.404095 8.514182
v 5.884817 22.403900 7.979855
v 0.693881 24.756413 8.508692
v 5.917193 24.756048 7.973906
v 5.880158 19.792000 7.919935
v 0.654013 19.791805 8.455187
v 6.631258 0.989223 17.773268
v 6.631258 -1.010777 17.773268
v 0.123104 0.989223 17.315514
v 0.123104 -1.010777 17.315514
v 6.068692 0.989223 17.733700
v 0.685669 0.989223 17.355082
v 6.068692 13.057203 17.733700
v 0.685669 13.057203 17.355082
v 6.068692 13.057203 17.733700
v 0.685669 13.057203 17.355082
v 6.381194 13.404156 17.755680
v 0.373168 13.404156 17.333101
v 6.381194 15.219694 17.755680
v 0.373168 15.219694 17.333101
v 5.996020 15.508167 17.728588
v 0.758342 15.508167 17.360193
v 6.010821 22.434875 15.642223
v 0.775138 22.434853 15.274145
v 5.996020 24.786255 15.641129
v 0.758342 24.786255 15.272733
v 0.741546 19.730265 16.680719
v 5.981220 19.730242 17.049431
v -1.943048 0.947849 1.838888
v -2.200927 -1.051453 2.566008
v -3.039537 0.948698 -0.254974
v -3.820666 -1.050198 -0.527050
v 2.998081 0.939249 -0.330320
v 3.772969 -1.061852 -0.056601
v 1.901591 0.940098 -2.424183
v 2.153230 -1.060596 -3.149658
v -3.817546 0.949800 -0.527872
v 2.156350 0.939402 -3.150480
v -2.197807 0.948545 2.565185
v 3.776089 0.938147 -0.057423
v -3.032821 13.016673 -0.256744
v 1.908308 13.008071 -2.425953
v -1.936331 13.015823 1.837116
v 3.004797 13.007222 -0.332092
v -3.032821 13.016673 -0.256744
v 1.908308 13.008071 -2.425953
v -1.936331 13.015823 1.837116
v 3.004797 13.007222 -0.332092
v -3.382782 13.364173 -0.252512
v 2.132042 13.354573 -2.673580
v -2.158983 13.363225 2.084459
v 3.355841 13.353625 -0.336609
v -2.845210 15.467399 -0.067341
v 1.962392 15.459032 -2.177925
v -1.982877 15.466776 1.587128
v 2.824837 15.458406 -0.523514
v -3.379950 15.179709 -0.253260
v 2.134874 15.170110 -2.674328
v -2.156151 15.178761 2.083713
v 3.358674 15.169162 -0.337357
v -4.499650 22.318073 -2.972071
v -0.048658 22.354622 -5.669340
v -4.506869 24.693619 -2.966640
v -0.054703 24.682026 -5.664101
v -1.351732 19.789494 2.757513
v -3.321383 19.755201 -1.160492
v 3.468404 19.730972 0.702425
v -3.007676 0.949173 1.018658
v -3.010796 -1.050825 1.019480
v 2.966219 0.938774 -1.603952
v 2.963099 -1.061224 -1.603130
v -2.491292 0.948275 0.791958
v 2.449836 0.939672 -1.377253
v -2.484576 13.016248 0.790188
v 2.456553 13.007647 -1.379023
v -2.484576 13.016248 0.790188
v 2.456553 13.007647 -1.379023
v -2.770883 13.363699 0.915972
v 2.743942 13.354099 -1.505095
v -2.768051 15.179235 0.915226
v 2.746775 15.169636 -1.505840
v -2.414048 15.467106 0.759899
v 2.393674 15.458736 -1.350746
v -2.257783 22.363274 0.828711
v 2.544528 22.355057 -1.279263
v -2.245274 24.714920 0.822124
v 2.562438 24.706566 -1.288517
v 2.491886 19.741619 -1.320158
v -2.321005 19.750141 0.793028
v -8.711844 13.326337 -7.023645
v -4.012701 13.309344 -10.790968
v -6.924312 13.323635 -5.083584
v -2.225168 13.306642 -8.850906
v -8.141870 15.428825 -6.984747
v -4.045252 15.414011 -10.269024
v -6.880302 15.426966 -5.610222
v -2.783682 15.412149 -8.894501
v -8.706903 15.141868 -7.025671
v -4.007759 15.124875 -10.792994
v -6.919369 15.139166 -5.085608
v -2.220226 15.122172 -8.852932
v -10.534019 22.280462 -9.682894
v -6.925163 22.309879 -13.434328
v -10.536250 24.655371 -9.676254
v -6.928275 24.637846 -13.430166
v -5.964837 19.745037 -4.635712
v -8.876941 19.718533 -7.924442
v -1.846317 19.687622 -7.880955
v -4.808729 19.661283 -11.237476
v -8.026327 0.910784 -5.891624
v -8.031772 -1.089209 -5.889395
v -2.936014 0.892376 -9.972555
v -2.941458 -1.107616 -9.970325
v -7.586320 0.909193 -6.244381
v -3.376020 0.893967 -9.619797
v -7.574601 12.977151 -6.249182
v -3.364300 12.961926 -9.624598
v -7.574601 12.977151 -6.249182
v -3.364300 12.961926 -9.624598
v -7.818078 13.324986 -6.053617
v -3.118934 13.307993 -9.820938
v -7.813136 15.140517 -6.055641
v -3.113992 15.123524 -9.822962
v -7.511089 15.427912 -6.297480
v -3.414470 15.413097 -9.581760
v -7.334208 22.324287 -6.275026
v -3.241985 22.309414 -9.555555
v -7.323435 24.675484 -6.283136
v -3.226816 24.660694 -9.567417
v -3.309186 19.695637 -9.576599
v -7.410202 19.710392 -6.288570
v -15.847542 13.292520 -12.833712
v -12.269421 13.269362 -17.678448
v -13.622932 13.287348 -11.415892
v -10.044811 13.264190 -16.260628
v -15.283857 15.394240 -12.942669
v -12.164523 15.374052 -17.166210
v -13.712458 15.390635 -11.936897
v -10.593072 15.370444 -16.160519
v -15.840912 15.108042 -12.837494
v -12.262791 15.084886 -17.682228
v -13.616301 15.102871 -11.419674
v -10.038181 15.079713 -16.264408
v -18.498312 22.262089 -15.219143
v -15.613857 22.260941 -19.597668
v -18.493763 24.623363 -15.221661
v -15.609718 24.602251 -19.600185
v -12.574708 19.705639 -11.222641
v -16.239243 19.672573 -13.674250
v -13.133060 19.634798 -17.906876
v -14.901152 0.876009 -11.913467
v -14.908459 -1.123976 -11.909306
v -11.025183 0.850924 -17.161499
v -11.032487 -1.149061 -17.157333
v -14.566114 0.873840 -12.367109
v -11.360220 0.853090 -16.707855
v -14.550392 12.941779 -12.376076
v -11.344497 12.921031 -16.716824
v -14.550392 12.941779 -12.376076
v -11.344497 12.921031 -16.716824
v -14.735238 13.289934 -12.124807
v -11.157116 13.266776 -16.969540
v -14.728607 15.105457 -12.128584
v -11.150486 15.082299 -16.973320
v -14.498159 15.392455 -12.439777
v -11.378817 15.372267 -16.663342
v -14.315491 22.288519 -12.464382
v -11.196956 22.268299 -16.687107
v -14.304686 24.639772 -12.475906
v -11.185354 24.619598 -16.699451
v -11.273680 19.654705 -16.682842
v -14.393829 19.674864 -12.458447
v -24.532108 13.262773 -17.697395
v -21.493774 13.237492 -22.897671
v -22.168377 13.256399 -16.526131
v -19.130043 13.231117 -21.726406
v -23.982187 15.364176 -17.866314
v -21.333429 15.342135 -22.399807
v -22.312059 15.359721 -17.034725
v -19.663300 15.337682 -21.568222
v -24.524921 15.078291 -17.702023
v -21.486588 15.053010 -22.902294
v -22.161190 15.071918 -16.530762
v -19.122854 15.046637 -21.731033
v -27.108953 22.231106 -19.623817
v -24.788397 22.234219 -24.314392
v -27.107254 24.595592 -19.618298
v -24.785433 24.572542 -24.313461
v -21.089109 19.663187 -16.450214
v -25.005896 19.645658 -18.489475
v -18.427917 19.623793 -20.974613
v -22.377787 19.600779 -23.033745
v -23.495121 0.845760 -16.883465
v -23.503040 -1.154221 -16.878372
v -20.203873 0.818375 -22.516628
v -20.211788 -1.181606 -22.511532
v -23.210627 0.843393 -17.370396
v -20.488365 0.820740 -22.029694
v -23.193581 12.911322 -17.381371
v -20.471321 12.888671 -22.040668
v -23.193581 12.911322 -17.381371
v -20.471321 12.888671 -22.040668
v -23.350245 13.259586 -17.111767
v -20.311909 13.234304 -22.312038
v -23.343056 15.075106 -17.116390
v -20.304722 15.049824 -22.316666
v -23.147123 15.361967 -17.450512
v -20.498365 15.339928 -21.984009
v -22.960144 22.257887 -17.504131
v -20.311979 22.235886 -22.036465
v -22.955072 24.609180 -17.507748
v -20.306316 24.587141 -22.041245
v -20.399658 19.622276 -22.005993
v -23.049015 19.644356 -17.471333
v -32.993099 13.239860 -21.261856
v -30.704809 13.212263 -26.833027
v -30.489859 13.231807 -20.429482
v -28.201569 13.204209 -26.000652
v -32.469814 15.340841 -21.507313
v -30.475513 15.316803 -26.362450
v -30.701738 15.335252 -20.911816
v -28.706257 15.311161 -25.770348
v -32.985332 15.055372 -21.267658
v -30.697041 15.027776 -26.838825
v -30.482090 15.047320 -20.435287
v -28.193800 15.019723 -26.006454
v -36.092548 22.218491 -22.962261
v -34.098831 22.194496 -27.815914
v -36.088585 24.569843 -22.962799
v -34.093693 24.545786 -27.819630
v -29.413269 19.640665 -20.498013
v -33.578915 19.611599 -21.987057
v -27.397873 19.593800 -25.345589
v -31.584023 19.587553 -26.843979
v -31.856628 0.822119 -20.598923
v -31.865189 -1.177856 -20.592533
v -29.377861 0.792225 -26.633854
v -29.386417 -1.207748 -26.627464
v -31.642368 0.819534 -21.120583
v -29.592121 0.794807 -26.112190
v -31.623940 12.887449 -21.134342
v -29.573700 12.862724 -26.125954
v -31.623940 12.887449 -21.134342
v -29.573700 12.862724 -26.125954
v -31.741482 13.235833 -20.845673
v -29.453188 13.208237 -26.416840
v -31.733711 15.051347 -20.851471
v -29.445419 15.023750 -26.422642
v -31.585773 15.338046 -21.209564
v -29.590889 15.313999 -26.066395
v -31.408287 22.234085 -21.278416
v -29.411734 22.209845 -26.140099
v -31.398930 24.585131 -21.293629
v -29.404045 24.561077 -26.150459
v -29.492313 19.596256 -26.106945
v -13.569521 27.850563 -11.731949
v -13.436287 25.851643 -10.971041
v -15.562710 27.855196 -13.002272
v -16.380630 25.858488 -12.847569
v -2.563510 32.176952 -8.755478
v -6.773811 32.192177 -5.380062
v -4.165090 32.179371 -10.493719
v -8.375391 32.194599 -7.118303
v -2.563510 32.176952 -8.755478
v -6.773811 32.192177 -5.380062
v -4.165090 32.179371 -10.493719
v -8.375391 32.194599 -7.118303
v 6.070458 27.968264 16.551907
v 6.633867 25.968264 16.027521
v 6.066926 27.968264 18.915493
v 6.628649 25.968264 19.519014
v 0.687436 27.968264 16.173290
v 0.125713 25.968264 15.569766
v 0.683903 27.968264 18.536873
v 0.120495 25.968264 19.061260
v -10.363625 27.829815 -16.072693
v -9.560315 25.826557 -16.219070
v -12.356814 27.834448 -17.343018
v -12.504658 25.833403 -18.095596
v -19.412401 32.102051 -21.515957
v -22.134663 32.124702 -16.856655
v -21.530239 32.107761 -22.565376
v -24.252499 32.130417 -17.906078
v -19.412401 32.102051 -21.515957
v -22.134663 32.124702 -16.856655
v -21.530239 32.107761 -22.565376
v -24.252499 32.130417 -17.906078
v -30.520952 27.794968 -20.747696
v -30.208628 25.795858 -20.041698
v -32.763783 27.802181 -21.493473
v -33.521751 25.806515 -21.143368
v -28.470701 27.770243 -25.739304
v -27.729858 25.765963 -26.076630
v -30.713537 27.777454 -26.485081
v -31.042980 25.776621 -27.178299
v -33.513191 27.806486 -21.149757
v -31.034420 27.776590 -27.184685
v -30.200068 27.795828 -20.048088
v -27.721294 27.765936 -26.083015
v -18.639629 27.793196 -21.741524
v -21.930882 27.820580 -16.108364
v -21.768106 27.801630 -23.291725
v -25.059359 27.829018 -17.658566
v -16.373325 27.858471 -12.851732
v -12.497353 27.833385 -18.099758
v -13.428982 27.851624 -10.975204
v -9.553009 27.826540 -16.223232
v -1.753084 27.869627 -8.688686
v -4.118943 27.873205 -11.256420
v -9.209256 27.891613 -7.175491
v 6.628649 27.968264 19.519014
v 0.120495 27.968264 19.061260
v 6.633867 27.968264 16.027521
v 0.125713 27.968264 15.569766
v -32.745358 32.107296 -21.507233
v -30.695116 32.082565 -26.498844
v -30.502523 32.100079 -20.761448
v -28.452282 32.075352 -25.753059
v -21.776026 25.801653 -23.286633
v -21.547283 27.802635 -22.554401
v -18.647551 25.793217 -21.736431
v -19.429443 27.796926 -21.504986
v -15.546986 32.160336 -13.011240
v -12.341091 32.139584 -17.351986
v -13.553797 32.155701 -11.740911
v -10.347902 32.134949 -16.081657
v -4.124387 25.873213 -11.254190
v -4.176810 27.874218 -10.488918
v -1.758528 25.869637 -8.686457
v -2.575230 27.871798 -8.750675
v 6.066926 32.273438 18.915493
v 0.683903 32.273438 18.536873
v 6.070458 32.273438 16.551907
v 0.687436 32.273438 16.173290
v -32.745358 32.107296 -21.507233
v -30.695116 32.082565 -26.498844
v -30.502523 32.100079 -20.761448
v -28.452282 32.075352 -25.753059
v -25.067278 25.829039 -17.653473
v -24.269545 27.825287 -17.895103
v -21.938801 25.820604 -16.103268
v -22.151709 27.819578 -16.845692
v -15.546986 32.160336 -13.011240
v -12.341091 32.139584 -17.351986
v -13.553797 32.155701 -11.740911
v -10.347902 32.134949 -16.081657
v -9.214702 25.891621 -7.173262
v -8.387111 27.889442 -7.113503
v -6.848842 25.888042 -4.605528
v -6.785530 27.887022 -5.375261
v 6.066926 32.273438 18.915493
v 0.683903 32.273438 18.536873
v 6.070458 32.273438 16.551907
v 0.687436 32.273438 16.173290
v 6.379223 32.620392 19.074686
v 0.371197 32.620392 18.652107
v 6.383165 32.620392 16.436674
v 0.375139 32.620392 16.014095
v 5.994672 34.724403 18.661469
v 0.756994 34.724403 18.293074
v 5.997369 34.724403 16.795708
v 0.759691 34.724403 16.427313
v 6.379223 34.435928 19.074686
v 0.371197 34.435928 18.652107
v 6.383165 34.435928 16.436674
v 0.375139 34.435928 16.014095
v 5.994572 39.983032 18.661469
v 0.756894 39.983032 18.293074
v 6.326390 39.999283 12.756882
v 1.095194 39.967026 12.840242
v 5.994626 41.196960 18.661469
v 0.756948 41.196960 18.293074
v 6.328728 41.197109 12.758368
v 1.098233 41.196812 12.841566
v 6.012594 37.491898 15.426508
v 5.994626 37.353718 18.661469
v 0.776139 37.520077 15.086773
v 0.756948 37.353718 18.293074
v 0.690977 27.968264 9.570312
v 0.225786 25.968264 10.183506
v 0.289342 27.968264 7.241098
v -0.367512 25.968264 6.742785
v 6.059236 27.968264 9.020683
v 6.716089 25.968264 9.518996
v 5.657600 27.968264 6.691470
v 6.122791 25.968264 6.078276
v -0.367512 27.968264 6.742785
v 6.122791 27.968264 6.078276
v 0.225786 27.968264 10.183506
v 6.716089 27.968264 9.518996
v 0.289342 32.273438 7.241098
v 5.657600 32.273438 6.691470
v 0.690977 32.273438 9.570312
v 6.059236 32.273438 9.020683
v 0.289342 32.273438 7.241098
v 5.657600 32.273438 6.691470
v 0.690977 32.273438 9.570312
v 6.059236 32.273438 9.020683
v -0.045619 32.620392 7.137787
v 5.945928 32.620392 6.524344
v 0.402649 32.620392 9.737437
v 6.394196 32.620392 9.123993
v 0.405895 34.724361 7.478690
v 5.629207 34.724361 6.943903
v 0.719375 34.724426 9.317879
v 5.942687 34.724426 8.783091
v -0.045619 34.435928 7.137787
v 5.945928 34.435928 6.524344
v 0.402649 34.435928 9.737437
v 6.394196 34.435928 9.123993
v -0.350335 39.903103 4.511065
v 4.664958 39.956806 3.189214
v -0.361449 41.145477 4.514078
v 4.654068 41.141289 3.191373
v 0.944329 37.520077 10.640107
v 0.279520 37.500000 6.299505
v 6.167639 37.491806 10.134265
v 5.491788 37.449051 5.710498
v -0.070863 27.968264 8.463146
v -0.070863 25.968264 8.463146
v 6.419440 27.968264 7.798635
v 6.419440 25.968264 7.798635
v 0.490159 27.968264 8.405704
v 5.858418 27.968264 7.856077
v 0.490159 32.273438 8.405704
v 5.858418 32.273438 7.856077
v 0.490159 32.273438 8.405704
v 5.858418 32.273438 7.856077
v 0.178515 32.620392 8.437613
v 6.170062 32.620392 7.824169
v 0.178515 34.435928 8.437613
v 6.170062 34.435928 7.824169
v 0.562627 34.724422 8.398286
v 5.785939 34.724422 7.863499
v 0.664341 39.952126 8.514181
v 5.884822 39.951916 7.979855
v 0.693881 41.167118 8.508692
v 5.917193 41.166756 7.973906
v 5.880153 37.491791 7.919937
v 0.654010 37.491585 8.455187
v 6.631258 27.968264 17.773268
v 6.631258 25.968264 17.773268
v 0.123104 27.968264 17.315514
v 0.123104 25.968264 17.315514
v 6.068692 27.968264 17.733700
v 0.685669 27.968264 17.355082
v 6.068692 32.273438 17.733700
v 0.685669 32.273438 17.355082
v 6.068692 32.273438 17.733700
v 0.685669 32.273438 17.355082
v 6.381194 32.620392 17.755680
v 0.373168 32.620392 17.333101
v 6.381194 34.435928 17.755680
v 0.373168 34.435928 17.333101
v 5.996020 34.724403 17.728588
v 0.758342 34.724403 17.360193
v 6.010823 39.982952 15.642223
v 0.775140 39.982925 15.274145
v 5.996020 41.196960 15.641129
v 0.758342 41.196960 15.272733
v 0.741545 37.430004 16.680719
v 5.981218 37.429981 17.049431
v -1.943048 27.926889 1.838888
v -2.200927 25.927588 2.566008
v -3.039537 27.927738 -0.254974
v -3.820666 25.928843 -0.527050
v 2.998081 27.918289 -0.330320
v 3.772969 25.917189 -0.056601
v 1.901591 27.919138 -2.424183
v 2.153230 25.918444 -3.149658
v -3.817546 27.928841 -0.527872
v 2.156350 27.918442 -3.150480
v -2.197807 27.927586 2.565185
v 3.776089 27.917187 -0.057423
v -3.032821 32.232910 -0.256744
v 1.908308 32.224308 -2.425953
v -1.936331 32.232059 1.837116
v 3.004797 32.223457 -0.332092
v -3.032821 32.232910 -0.256744
v 1.908308 32.224308 -2.425953
v -1.936331 32.232059 1.837116
v 3.004797 32.223457 -0.332092
v -3.382782 32.580410 -0.252512
v 2.132042 32.570808 -2.673580
v -2.158983 32.579460 2.084459
v 3.355841 32.569862 -0.336609
v -2.845206 34.683620 -0.067345
v 1.962508 34.675247 -2.177982
v -1.982880 34.683022 1.587128
v 2.824835 34.674652 -0.523512
v -3.379950 34.395947 -0.253260
v 2.134874 34.386345 -2.674328
v -2.156151 34.394997 2.083713
v 3.358674 34.385399 -0.337357
v -4.499710 39.866093 -2.972027
v -0.047530 39.903454 -5.669220
v -4.506869 41.104324 -2.966640
v -0.054703 41.092731 -5.664101
v -1.351233 37.489319 2.758933
v -3.321484 37.456131 -1.160597
v 3.467910 37.430595 0.701002
v 1.465769 37.404705 -3.308651
v -3.007676 27.928213 1.018658
v -3.010796 25.928215 1.019480
v 2.966219 27.917814 -1.603952
v 2.963099 25.917816 -1.603130
v -2.491292 27.927315 0.791958
v 2.449836 27.918713 -1.377253
v -2.484576 32.232483 0.790188
v 2.456553 32.223885 -1.379023
v -2.484576 32.232483 0.790188
v 2.456553 32.223885 -1.379023
v -2.770883 32.579933 0.915972
v 2.743942 32.570335 -1.505095
v -2.768051 34.395470 0.915226
v 2.746775 34.385872 -1.505840
v -2.414049 34.683346 0.759899
v 2.393664 34.674980 -1.350742
v -2.257781 39.911331 0.828709
v 2.543303 39.903027 -1.278606
v -2.245274 41.125626 0.822124
v 2.562439 41.117271 -1.288519
v 2.493341 37.441456 -1.320938
v -2.321005 37.449890 0.793026
v -8.711844 32.542572 -7.023645
v -4.012701 32.525581 -10.790968
v -6.924312 32.539871 -5.083584
v -2.225168 32.522877 -8.850906
v -8.142049 34.645050 -6.984592
v -4.045249 34.630226 -10.269032
v -6.880305 34.643211 -5.610222
v -2.783685 34.628395 -8.894501
v -8.706903 34.358105 -7.025671
v -4.007759 34.341110 -10.792994
v -6.919369 34.355400 -5.085608
v -2.220226 34.338409 -8.852932
v -10.533773 39.829212 -9.681194
v -6.925257 39.858002 -13.436489
v -10.536251 41.066078 -9.676254
v -6.928275 41.048553 -13.430166
v -5.964104 37.444771 -4.634670
v -1.847046 37.387344 -7.882004
v -4.806729 37.362949 -11.235170
v -8.026327 27.889824 -5.891624
v -8.031772 25.889832 -5.889395
v -2.936014 27.871416 -9.972555
v -2.941458 25.871424 -9.970325
v -7.586320 27.888233 -6.244381
v -3.376020 27.873007 -9.619797
v -7.574601 32.193386 -6.249182
v -3.364300 32.178162 -9.624598
v -7.574601 32.193386 -6.249182
v -3.364300 32.178162 -9.624598
v -7.818078 32.541222 -6.053617
v -3.118934 32.524231 -9.820938
v -7.813136 34.356754 -6.055641
v -3.113992 34.339760 -9.822962
v -7.511030 34.644150 -6.297531
v -3.414472 34.629341 -9.581757
v -7.333062 39.872391 -6.276072
v -3.241984 39.857494 -9.555555
v -7.323434 41.086189 -6.283136
v -3.226816 41.071400 -9.567417
v -3.309185 37.395363 -9.576601
v -7.411570 37.410103 -6.287333
v -15.847542 32.508755 -12.833712
v -12.269421 32.485600 -17.678448
v -13.622932 32.503586 -11.415892
v -10.044811 32.480427 -16.260628
v -15.283855 34.610458 -12.942673
v -12.164522 34.590271 -17.166218
v -13.712460 34.606880 -11.936895
v -10.593126 34.586693 -16.160435
v -15.840912 34.324280 -12.837494
v -12.262791 34.301121 -17.682228
v -13.616301 34.319107 -11.419674
v -10.038181 34.295948 -16.264408
v -18.498320 39.810253 -15.219131
v -15.613852 39.808937 -19.597687
v -18.493763 41.034069 -15.221661
v -15.609718 41.012955 -19.600185
v -12.574676 37.406597 -11.222542
v -16.239676 37.372261 -13.674541
v -9.430318 37.344662 -15.420177
v -13.132637 37.334614 -17.906574
v -14.901152 27.855049 -11.913467
v -14.908459 25.855064 -11.909306
v -11.025183 27.829964 -17.161499
v -11.032487 25.829979 -17.157333
v -14.566114 27.852880 -12.367109
v -11.360220 27.832130 -16.707855
v -14.550392 32.158016 -12.376076
v -11.344497 32.137268 -16.716824
v -14.550392 32.158016 -12.376076
v -11.344497 32.137268 -16.716824
v -14.735238 32.506172 -12.124807
v -11.157116 32.483013 -16.969540
v -14.728607 34.321693 -12.128584
v -11.150486 34.298534 -16.973320
v -14.498159 34.608696 -12.439777
v -11.378828 34.588509 -16.663319
v -14.315493 39.836601 -12.464378
v -11.198347 39.816269 -16.685154
v -14.304688 41.050476 -12.475904
v -11.185352 41.030304 -16.699451
v -11.272305 37.354546 -16.684765
v -14.393827 37.374588 -12.458450
v -24.532108 32.479008 -17.697395
v -21.493774 32.453728 -22.897671
v -22.168377 32.472633 -16.526131
v -19.130043 32.447353 -21.726406
v -23.982189 34.580391 -17.866318
v -21.333431 34.558353 -22.399815
v -22.417717 34.590412 -17.229008
v -19.677443 34.548634 -21.576694
v -24.524921 34.294525 -17.702023
v -21.486588 34.269245 -22.902294
v -19.121784 34.265026 -21.730419
v -27.110588 39.779320 -19.619278
v -24.788389 39.782280 -24.314415
v -27.107254 41.006298 -19.618298
v -24.785433 40.983246 -24.313461
v -21.091974 37.368637 -16.467667
v -25.006502 37.345406 -18.489792
v -18.419552 37.318165 -20.969479
v -22.377193 37.300537 -23.033417
v -23.495121 27.824800 -16.883465
v -23.503040 25.824820 -16.878372
v -20.203873 27.797415 -22.516628
v -20.211788 25.797434 -22.511532
v -23.210627 27.822433 -17.370396
v -20.488365 27.799780 -22.029694
v -23.193581 32.127556 -17.381371
v -20.471321 32.104908 -22.040668
v -23.193581 32.127556 -17.381371
v -20.471321 32.104908 -22.040668
v -23.350245 32.475822 -17.111767
v -20.311909 32.450539 -22.312038
v -23.344101 34.295425 -17.114254
v -20.304722 34.266060 -22.316666
v -23.139717 34.571144 -17.466721
v -20.498367 34.556171 -21.984009
v -22.960140 39.805969 -17.504135
v -20.311979 39.783966 -22.036465
v -22.955072 41.019886 -17.507748
v -20.306316 40.997849 -22.041245
v -20.399658 37.322002 -22.005997
v -23.054512 37.343704 -17.459023
v -32.993099 32.456097 -21.261856
v -30.704809 32.428497 -26.833027
v -30.489859 32.448044 -20.429482
v -28.201569 32.420444 -26.000652
v -32.470406 34.557079 -21.505619
v -30.475513 34.533020 -26.362457
v -30.701145 34.551468 -20.913509
v -28.706261 34.527409 -25.770344
v -32.985332 34.271606 -21.267658
v -30.697041 34.244011 -26.838825
v -30.482090 34.263557 -20.435287
v -28.193800 34.235958 -26.006454
v -36.093716 39.766636 -22.959087
v -34.098831 39.742577 -27.815914
v -36.088585 40.980549 -22.962799
v -34.093693 40.956490 -27.819630
v -29.412172 37.340290 -20.499126
v -33.578911 37.311363 -21.987141
v -27.398495 37.293552 -25.345867
v -31.584023 37.287304 -26.843975
v -31.856628 27.801159 -20.598923
v -31.865189 25.801184 -20.592533
v -29.377861 27.771265 -26.633854
v -29.386417 25.771292 -26.627464
v -31.642368 27.798574 -21.120583
v -29.592121 27.773848 -26.112190
v -31.623940 32.103683 -21.134342
v -29.573700 32.078960 -26.125954
v -31.623940 32.103683 -21.134342
v -29.573700 32.078960 -26.125954
v -31.741482 32.452068 -20.845673
v -29.453188 32.424473 -26.416840
v -31.733711 34.267582 -20.851471
v -29.445419 34.239986 -26.422642
v -31.585773 34.554298 -21.209560
v -29.590889 34.530243 -26.066391
v -31.406105 39.781998 -21.284519
v -29.411736 39.757927 -26.140091
v -31.398933 40.995834 -21.293621
v -29.404049 40.971783 -26.150459
v -29.492313 37.295979 -26.106945
v -31.487709 37.320026 -21.248852
v 7.275275 41.064056 9.718964
v 7.275274 43.075378 9.718964
v -2.837874 41.221573 0.907560
v 3.387543 41.232887 -2.127604
v -9.015974 42.912582 -7.572840
v -9.015974 41.226822 -7.572840
v -5.165005 42.911766 -12.624125
v -13.054287 42.909225 -18.765793
v -28.097445 42.932713 -19.882778
v -25.158569 41.206718 -25.229786
v -34.548000 42.888550 -28.216763
v -34.551167 41.204010 -28.203087
v -36.959850 41.250900 -22.956242
v 0.120495 41.070259 19.061260
v 0.120495 43.069168 19.061260
v 0.421303 41.075344 9.093864
v 0.421303 43.064091 9.093864
v 6.685169 41.069138 19.766531
v 3.387543 42.906555 -2.127604
v -16.933712 41.230263 -13.526596
v -13.055099 41.224190 -18.764278
v -28.100485 41.248180 -19.870930
v -25.155308 42.891266 -25.241688
v -36.958996 41.734795 -22.960114
v -35.822952 42.935303 -22.574726
v -36.455910 42.925545 -24.060932
v -17.003946 41.595535 -13.419472
v -15.708538 42.784225 -12.766167
v -16.143894 43.042557 -14.581043
v -18.117918 42.790169 -14.350117
v -3.227667 42.842087 0.250015
v -2.901909 42.217667 0.942211
v -2.488777 42.858952 1.588932
v -2.209117 42.990021 0.604389
v 5.300296 43.070290 19.617748
v 6.685169 41.676857 19.766531
v 6.892226 43.071251 16.241081
v -5.117974 42.071014 -12.672201
v -4.636879 41.294693 -11.870159
v -5.670014 41.160877 -11.948095
v -5.930572 41.293972 -13.135315
v -3.929199 25.930655 -11.584362
v -4.807132 24.657347 -13.202236
v -6.409384 25.933172 -13.857698
v -6.030455 26.192223 -11.475445
v 7.058056 26.176744 9.131811
v 6.701849 26.265749 9.657768
v 7.197324 26.180580 10.340734
v 7.317023 25.645847 9.713926
v -31.358879 26.038567 -27.206944
v -34.586296 24.349745 -28.216129
v -36.216862 26.073090 -24.492115
v -0.376738 26.303404 9.494566
v -1.368327 26.106464 8.564920
v -1.301703 25.379997 9.471129
v -0.996196 26.127205 12.927999
v -0.863333 24.749428 19.100374
v -0.251435 26.218288 19.154375
v -0.947306 26.217724 16.777468
v -17.752396 25.182446 -13.162428
v -16.887688 25.972366 -12.735767
v -17.149948 26.153770 -13.920200
v -20.631140 25.980967 -14.939159
v 1.556008 18.755835 -2.903236
v 0.552262 19.656446 -3.014288
v 0.998035 20.484013 -3.835890
v 2.005270 19.681593 -2.468254
v -7.867649 21.497004 -14.079266
v -9.801225 19.577158 -14.786213
v -9.751610 18.954058 -15.555134
v -10.017044 19.593567 -15.906460
v -31.031635 0.234362 -27.179443
v -32.090954 0.815536 -24.628445
v -30.796661 0.792871 -26.674122
v -30.510197 0.801157 -27.012115
v -8.485964 0.921846 -7.120968
v -8.590722 0.899179 -7.645472
v -9.244214 -1.076157 -7.175499
v -8.668187 0.900537 -6.618046
v -7.319883 27.894623 -5.122108
v -6.848375 27.174480 -4.613070
v -4.351172 27.884897 -6.597237
v -6.793242 27.881241 -5.319550
v -8.284092 37.326385 -7.104696
v -9.751932 38.972862 -8.990788
v -8.133677 37.337891 -8.652134
v -8.378259 36.137070 -7.465010
v -22.355965 34.524868 -17.099388
v -22.974564 34.322708 -16.896336
v -22.205116 33.310333 -16.582153
v -21.029221 34.308762 -18.342354
v -38.548855 22.192406 -25.621941
v -34.760292 21.717625 -31.698944
v -43.484352 23.943192 -35.759861
v -46.883751 22.754267 -30.155682
v -38.744770 20.584244 -26.082924
v -46.731091 24.370930 -29.719940
v -43.429436 -1.056314 -34.727684
v -43.468143 -3.193562 -34.575699
v -45.500568 -0.508968 -35.726364
v -46.527630 -2.385015 -36.050957
v -40.035030 -2.038286 -40.001991
v -42.660965 0.446583 -40.214554
v -43.094513 -1.229742 -41.477249
v -46.291500 -0.478233 -35.495602
v -43.232018 -1.286781 -34.020344
v -39.798897 -0.131504 -39.446629
v -44.112442 10.995346 -32.356049
v -41.272835 11.950895 -36.844238
v -42.041313 10.447994 -31.357361
v -39.201710 11.403545 -35.845554
v -44.112442 10.995346 -32.356049
v -41.272835 11.950895 -36.844238
v -42.041313 10.447994 -31.357361
v -39.201710 11.403545 -35.845554
v -37.848423 18.537992 -27.215683
v -34.791241 19.400110 -31.374638
v -37.579685 20.790211 -26.547768
v -34.523464 21.628387 -30.718250
v -44.356564 11.302429 -32.057129
v -41.187263 12.368927 -37.066429
v -42.044964 10.691528 -30.942490
v -38.875660 11.758024 -35.951790
v -43.564903 13.287983 -31.633984
v -34.650082 -0.151636 -29.733150
v -41.933437 12.854620 -30.839458
v -39.169643 13.784688 -35.208015
v -44.142216 13.033350 -31.552994
v -40.972912 14.099845 -36.562294
v -41.830608 12.422450 -30.438358
v -38.661312 13.488945 -35.447655
v -46.090256 20.782015 -31.561584
v -43.328991 21.711180 -35.925701
v -45.819778 23.022938 -30.902817
v -43.056843 23.952686 -35.269821
v -40.252720 16.652010 -29.072266
v -44.086903 17.655106 -31.037849
v -37.473831 17.554443 -33.434193
v -41.323948 18.584890 -35.404938
v -44.761757 -0.882504 -34.757973
v -44.997890 -2.789291 -35.313332
v -41.328644 0.272770 -40.184261
v -41.564770 -1.634014 -40.739620
v -44.465004 -0.782642 -35.227020
v -41.625397 0.172905 -39.715210
v -43.076874 10.721670 -31.856705
v -40.237274 11.677221 -36.344898
v -43.076874 10.721670 -31.856705
v -40.237274 11.677221 -36.344898
v -43.200764 10.996981 -31.499813
v -40.031456 12.063474 -36.509109
v -42.986412 12.727900 -30.995674
v -39.817112 13.794395 -36.004974
v -42.749168 13.071301 -31.236721
v -39.986237 14.001060 -35.603722
v -41.782230 19.635296 -29.347122
v -39.016876 20.565874 -33.718575
v -41.504055 21.878904 -28.701694
v -38.741123 22.808657 -33.068699
v -39.397560 18.078354 -34.429749
v -40.371624 24.661116 -27.169098
v -40.410332 22.523870 -27.017117
v -42.442753 25.208462 -28.167782
v -43.469818 23.332415 -28.492374
v -37.532017 25.616665 -31.657288
v -36.977215 23.679144 -32.443405
v -39.603149 26.164011 -32.655968
v -40.036697 24.487690 -33.918667
v -43.233688 25.239199 -27.937019
v -39.800571 26.394470 -33.363304
v -40.174202 24.430651 -26.461761
v -36.741085 25.585928 -31.888046
v -41.934467 29.312983 -26.972332
v -39.094864 30.268530 -31.460526
v -39.863338 28.765631 -25.973644
v -37.023735 29.721180 -30.461838
v -41.934467 29.312983 -26.972332
v -39.094864 30.268530 -31.460526
v -39.863338 28.765631 -25.973644
v -37.023735 29.721180 -30.461838
v -35.861858 35.264679 -22.295185
v -32.802326 36.127583 -26.458305
v -35.719692 36.433510 -21.950062
v -32.663471 37.271687 -26.120544
v -42.178589 29.620064 -26.673412
v -39.009289 30.686562 -31.682713
v -39.866989 29.009163 -25.558773
v -36.697685 30.075659 -30.568073
v -41.387791 31.605272 -26.248734
v -38.624851 32.535023 -30.615742
v -39.754604 31.172583 -25.457283
v -36.991673 32.102333 -29.824291
v -41.964241 31.350985 -26.169281
v -38.794937 32.417480 -31.178577
v -39.652637 30.740084 -25.054642
v -36.483337 31.806580 -30.063938
v -44.103016 37.508919 -26.642345
v -41.340084 38.438667 -31.009346
v -43.959785 38.666237 -26.305111
v -41.196846 39.595985 -30.672115
v -38.245373 33.524075 -24.114368
v -42.080788 34.527206 -26.079075
v -35.468296 34.426678 -28.475689
v -39.317852 35.456955 -30.446083
v -41.703945 24.834927 -27.199390
v -41.940075 22.928139 -27.754745
v -38.270828 25.990202 -32.625679
v -38.506954 24.083416 -33.181038
v -41.407192 24.934790 -27.668438
v -38.567585 25.890337 -32.156628
v -40.898899 29.039305 -26.472992
v -38.059299 29.994858 -30.961182
v -40.898899 29.039305 -26.472992
v -38.059299 29.994858 -30.961182
v -41.022789 29.314615 -26.116096
v -37.853481 30.381111 -31.125393
v -40.808437 31.045534 -25.611958
v -37.639137 32.112030 -30.621258
v -40.571194 31.388952 -25.852997
v -37.808262 32.318703 -30.220001
v -39.790188 36.363873 -24.436333
v -37.027973 37.293362 -28.802208
v -39.644066 37.522202 -24.103981
v -36.881134 38.451958 -28.470993
v -37.391468 34.950394 -29.470901
v -40.155113 34.020382 -25.102768
v -36.426922 38.491631 -21.790543
v -32.850414 37.780346 -26.977947
v -41.356426 41.611069 -30.567562
v -41.552738 40.002235 -31.026917
v -44.783550 39.056969 -26.336323
v -36.622810 36.883270 -22.251617
v -44.727222 39.519108 -26.204323
v -43.542946 40.387737 -25.353844
v -43.915527 40.862228 -26.852371
v -40.311611 24.793673 -33.913563
v -43.495232 23.944944 -35.765858
v -45.519390 24.872837 -31.952888
v -42.920364 0.138397 -41.074326
v -44.318417 0.193789 -38.622818
v -42.711399 0.503239 -40.406704
v -42.373402 0.554605 -40.688637
v -32.850407 37.780396 -26.977932
v -36.395039 40.344021 -28.258129
v -35.267853 38.767242 -23.242630
v -34.760284 21.717672 -31.698929
v -36.419521 23.799742 -32.101624
v -35.763626 22.984720 -29.547371
v -39.815971 6.312729 -37.336964
v -43.429409 -1.056305 -34.727726
v -39.798946 -0.131502 -39.446613
v -41.625355 0.172894 -39.715187
v -41.323940 18.584841 -35.404945
v -39.986279 14.001072 -35.603745
v -40.972897 14.099854 -36.562248
v -43.564877 13.287992 -31.634026
v -29.773130 -0.851782 -34.951748
v -37.840267 -1.164036 -40.641842
v -41.965939 -2.068260 -35.490383
v -34.476524 -1.819857 -29.888035
v -42.178104 -0.404882 -35.368153
v -35.261383 0.612339 -38.546070
v -37.849979 -1.165569 -40.649635
v -40.677219 -0.046547 -37.447845
v -34.019142 -24.721006 -38.799446
v -29.773132 -0.851734 -34.951740
v -31.662235 0.750689 -36.007103
v -31.362377 0.525169 -33.272526
v -52.846020 -2.561567 -41.285999
v -50.822834 -3.103323 -40.832493
v -52.813335 -2.085890 -43.600986
v -50.774563 -2.400640 -44.252216
v -51.226635 3.171328 -39.091457
v -53.147327 3.104002 -42.160931
v -51.178364 3.874014 -42.511166
v -52.770641 -2.514772 -44.303837
v -52.818905 -3.217451 -40.884121
v -53.222706 3.057199 -39.143070
v -64.855118 -2.803041 -43.942509
v -65.189102 2.386850 -42.502445
v -64.887787 -3.278730 -41.627506
v -65.221771 1.911161 -40.187458
v -64.855118 -2.803041 -43.942509
v -65.189102 2.386850 -42.502445
v -64.887787 -3.278730 -41.627506
v -65.221771 1.911161 -40.187458
v -74.273483 -4.575983 -38.401417
v -74.628052 0.345537 -36.658009
v -76.632309 -4.724855 -38.469234
v -76.961090 0.202944 -36.724354
v -65.180099 -3.096518 -44.169453
v -65.552856 2.695955 -42.562199
v -65.216568 -3.627436 -41.585682
v -65.589325 2.165045 -39.978420
v -67.309387 -2.919428 -43.741772
v -67.334824 -3.301943 -41.915905
v -67.659882 1.749578 -40.514347
v -66.992065 -3.200117 -44.216328
v -67.364838 2.592352 -42.609058
v -67.028549 -3.731031 -41.632534
v -67.401306 2.061438 -40.025288
v -74.121124 -2.319952 -47.714695
v -74.445938 2.726511 -46.314312
v -76.467270 -2.461763 -47.780621
v -76.792252 2.587992 -46.379444
v -71.654129 -3.822447 -40.715641
v -71.556961 -2.833387 -45.026432
v -71.956573 1.221926 -39.292324
v -71.881958 2.216463 -43.625271
v -52.794773 -2.866106 -42.593975
v -50.798695 -2.751982 -42.542355
v -53.198566 3.408537 -40.852940
v -51.202488 3.522673 -40.801311
v -52.829685 -2.323736 -42.443493
v -53.163662 2.866159 -41.003422
v -64.871445 -3.040884 -42.785015
v -65.205429 2.149008 -41.344952
v -64.871445 -3.040884 -42.785015
v -65.205429 2.149008 -41.344952
v -65.198334 -3.361975 -42.877575
v -65.571091 2.430498 -41.270306
v -67.010300 -3.465578 -42.924427
v -67.383072 2.326895 -41.317173
v -67.322113 -3.110685 -42.828838
v -67.647095 1.939074 -41.427670
v -74.212784 -3.440447 -42.865582
v -74.537918 1.614325 -41.463322
v -76.559677 -3.567064 -42.927883
v -76.884644 1.482698 -41.526707
v -71.925476 1.730749 -41.461765
v -52.612339 3.789213 -42.542698
v -53.008465 1.101000 -43.306950
v -53.149487 3.281969 -42.265797
v -53.187450 3.650103 -42.022068
v -59.893124 2.228514 -40.036327
v -52.846020 -2.561522 -41.285976
v -53.222706 3.057169 -39.143116
v -53.163662 2.866140 -41.003384
v -71.881912 2.216463 -43.625248
v -67.647095 1.939085 -41.427708
v -67.364853 2.592314 -42.609035
v -67.309402 -2.919378 -43.741764
v -67.735794 -0.151636 -39.703594
v -74.811844 -0.851782 -38.729954
v -72.140594 -1.164036 -29.226257
v -65.689896 -2.068260 -30.621647
v -67.968170 -1.819857 -39.692867
v -65.448151 -0.404882 -30.582676
v -72.819962 0.612339 -32.479156
v -72.137970 -1.165569 -29.214081
v -67.924561 -0.046547 -29.915470
v -74.811844 -0.851734 -38.729961
v -74.011520 0.750689 -36.719482
v -72.519455 0.525169 -39.030663
vn -0.0004 1.0000 0.0063
vn -0.0008 -1.0000 -0.0000
vn 0.0006 -1.0000 -0.0003
vn -0.0042 0.9998 -0.0199
vn 0.9981 0.0099 0.0601
vn -0.0031 -0.9999 -0.0147
vn 0.5935 0.1187 -0.7961
vn -0.8041 -0.0000 0.5945
vn 0.4518 0.0076 -0.8921
vn -0.0029 1.0000 -0.0015
vn 0.7780 0.0835 -0.6227
vn -0.0004 -1.0000 0.0002
vn -0.9338 -0.0884 -0.3467
vn -0.0014 -1.0000 0.0029
vn 0.0008 1.0000 -0.0027
vn -0.5992 0.0255 0.8002
vn -0.0022 -1.0000 0.0065
vn -0.3289 0.0080 0.9443
vn 0.3020 -0.0076 -0.9533
vn -0.9645 0.0226 0.2631
vn -0.8634 0.0008 -0.5045
vn 0.0037 1.0000 -0.0021
vn -0.0000 1.0000 -0.0000
vn -0.8044 0.0017 -0.5941
vn 0.8044 -0.0017 0.5941
vn -0.0037 -1.0000 0.0021
vn -0.8044 0.0006 -0.5941
vn 0.7354 -0.0010 -0.6776
vn 0.0027 1.0000 -0.0011
vn -0.6255 0.0056 -0.7802
vn -0.0000 -1.0000 -0.0000
vn -0.0702 -0.0000 0.9975
vn 1.0000 -0.0000 0.0015
vn 0.0702 -0.0000 -0.9975
vn -1.0000 -0.0000 -0.0015
vn 0.4440 -0.0014 -0.8960
vn 0.0040 1.0000 -0.0025
vn -0.3155 0.0044 0.9489
vn 0.9250 -0.0027 0.3799
vn -0.0043 -1.0000 0.0032
vn 0.8044 -0.0006 0.5941
vn 0.0022 1.0000 0.0013
vn 0.9250 -0.0010 0.3799
vn 0.0043 1.0000 -0.0032
vn -0.4440 0.0040 0.8960
vn -0.0040 -1.0000 0.0025
vn 0.5374 -0.0037 -0.8433
vn 0.4440 -0.0040 -0.8960
vn 0.6255 -0.0003 0.7802
vn -0.5374 0.0037 0.8433
vn -0.8634 0.0021 -0.5045
vn 0.7354 -0.0028 -0.6776
vn -0.6255 0.0003 -0.7802
vn 0.0077 1.0000 -0.0019
vn -0.7354 0.0064 0.6776
vn 0.3155 -0.0044 -0.9489
vn 0.8634 -0.0008 0.5045
vn -0.0027 -1.0000 0.0011
vn -0.7430 -0.6693 -0.0011
vn 0.9855 -0.0000 -0.1699
vn 0.5375 -0.0013 -0.8433
vn 0.6255 -0.0008 0.7802
vn -0.0039 1.0000 0.0056
vn -0.9250 0.0010 -0.3799
vn 0.3155 -0.0016 -0.9489
vn 0.8634 -0.0021 0.5045
vn 0.7430 -0.6693 0.0011
vn 0.0653 -0.3670 -0.9279
vn -0.0653 -0.3670 0.9279
vn 0.9970 -0.0056 0.0766
vn -0.0421 0.8004 0.5979
vn 0.5994 0.8004 0.0009
vn 0.0421 0.8004 -0.5979
vn -0.5994 0.8004 -0.0009
vn -0.0159 0.0006 -0.9999
vn 0.0180 -0.6840 -0.7292
vn -1.0000 0.0060 -0.0005
vn -1.0000 -0.0036 -0.0033
vn 0.9937 0.0026 0.1117
vn -1.0000 -0.0016 0.0055
vn 0.0634 -0.3003 -0.9518
vn 0.9999 0.0031 0.0129
vn -0.1019 -0.0000 -0.9948
vn 0.1019 -0.0000 0.9948
vn 0.8859 -0.0016 -0.4639
vn -0.9855 -0.0000 0.1699
vn 0.0947 -0.3670 0.9254
vn -0.0947 -0.3670 -0.9254
vn -0.7322 -0.6693 0.1263
vn 0.7322 -0.6693 -0.1263
vn -0.9938 -0.0170 0.1102
vn -0.0611 0.8004 -0.5964
vn 0.0611 0.8003 0.5964
vn 0.0416 -0.6767 0.7351
vn -0.1390 -0.6537 -0.7439
vn -0.5897 0.8012 0.1012
vn 0.9735 0.0473 -0.2239
vn 0.2549 0.0001 0.9670
vn -0.0005 1.0000 -0.0052
vn 0.5897 0.8012 -0.1012
vn 0.9680 -0.0047 -0.2511
vn -0.1046 -0.2736 -0.9562
vn 0.0936 -0.3001 0.9493
vn -0.9954 0.0069 0.0960
vn 0.9850 -0.0187 -0.1714
vn -0.9897 0.0136 0.1424
vn -0.9852 0.0183 0.1702
vn 0.9900 -0.0138 -0.1403
vn 0.9960 -0.0075 -0.0888
vn -0.0004 1.0000 -0.0066
vn -0.9681 0.0039 0.2505
vn 0.9944 0.0220 -0.1038
vn 0.5918 0.7997 -0.1016
vn -0.5918 0.7996 0.1016
vn -0.9745 -0.0431 0.2201
vn 1.0000 0.0014 -0.0047
vn -0.9999 -0.0034 -0.0143
vn 1.0000 0.0031 0.0029
vn -0.9909 -0.0029 -0.1344
vn -0.9961 0.0059 -0.0876
vn -0.5994 0.8005 -0.0009
vn 0.5994 0.8005 0.0009
vn 1.0000 -0.0053 0.0005
vn -0.0016 -1.0000 0.0004
vn -0.4020 0.0003 -0.9156
vn 0.4020 -0.0003 0.9156
vn -0.8859 0.0016 0.4639
vn 0.4020 -0.0001 0.9156
vn 0.0016 1.0000 -0.0004
vn 0.8859 -0.0006 -0.4639
vn -0.4020 0.0001 -0.9156
vn -0.8859 0.0006 0.4639
vn 0.3734 -0.3672 0.8519
vn -0.3745 -0.3668 -0.8516
vn -0.6593 -0.6681 0.3450
vn 0.6572 -0.6705 -0.3444
vn -0.8908 0.0264 0.4537
vn -0.2397 0.8005 -0.5492
vn 0.2422 0.8002 0.5486
vn 0.2409 -0.6694 0.7028
vn -0.5290 0.8022 0.2768
vn -0.3374 -0.6763 -0.6548
vn 0.5182 -0.0005 0.8552
vn -0.0006 1.0000 -0.0053
vn 0.5316 0.8003 -0.2775
vn 0.8596 -0.0026 -0.5109
vn 0.8633 0.0142 -0.5045
vn 0.3770 -0.3002 0.8762
vn -0.8893 0.0006 0.4572
vn -0.3816 -0.2838 -0.8797
vn -0.8938 0.0125 0.4482
vn -0.8890 0.0169 0.4577
vn 0.8965 -0.0127 -0.4429
vn 0.9048 -0.0020 -0.4259
vn -0.0005 1.0000 -0.0051
vn -0.8600 0.0011 0.5103
vn 0.9025 -0.0074 -0.4305
vn 0.5333 0.7988 -0.2785
vn -0.5309 0.8006 0.2778
vn -0.8710 -0.0192 0.4909
vn -0.7354 0.0010 0.6776
vn 0.5809 -0.3678 0.7262
vn -0.5829 -0.3662 -0.7254
vn -0.5482 -0.6672 0.5042
vn -0.6255 0.0008 -0.7802
vn 0.5446 -0.6713 -0.5027
vn -0.7568 0.0136 0.6535
vn -0.3728 0.8009 -0.4686
vn 0.3772 0.7998 0.4669
vn -0.7354 0.0028 0.6776
vn 0.4094 -0.6934 0.5929
vn -0.4686 -0.7238 -0.5064
vn -0.4382 0.8029 0.4042
vn 0.7302 0.0019 -0.6832
vn -0.7208 0.0008 -0.6931
vn 0.4426 0.7996 -0.4060
vn 0.7236 -0.0030 -0.6902
vn -0.6060 -0.2733 -0.7470
vn 0.5918 -0.3006 0.7479
vn -0.7605 0.0009 0.6493
vn 0.7406 -0.0187 -0.6717
vn -0.7481 0.0125 0.6635
vn -0.7421 0.0179 0.6701
vn 0.7511 -0.0129 -0.6600
vn 0.7743 -0.0024 -0.6328
vn -0.7276 0.0015 0.6860
vn 0.7679 -0.0004 -0.6406
vn 0.4441 0.7980 -0.4074
vn -0.4397 0.8013 0.4056
vn -0.7340 0.0047 0.6791
vn -0.5375 0.0013 0.8433
vn 0.7469 -0.3686 0.5534
vn -0.7496 -0.3654 -0.5519
vn -0.4018 -0.6665 0.6280
vn 0.3969 -0.6721 -0.6252
vn -0.5829 -0.0022 0.8126
vn -0.4793 0.8014 -0.3578
vn 0.4852 0.7993 0.3545
vn 0.5709 -0.0266 -0.8206
vn -0.5537 -0.7400 -0.3818
vn -0.3191 0.8035 0.5026
vn 0.5501 -0.0177 -0.8349
vn -0.8351 0.0010 -0.5501
vn 0.3249 0.7989 -0.5061
vn 0.5493 -0.0045 -0.8356
vn -0.7756 -0.2729 -0.5692
vn -0.5944 0.0019 0.8041
vn 0.5467 -0.0192 -0.8371
vn -0.5552 0.0129 0.8316
vn -0.5468 0.0190 0.8371
vn 0.7666 -0.3106 0.5620
vn 0.6075 -0.0025 -0.7943
vn -0.0004 1.0000 -0.0051
vn -0.5491 0.0043 0.8357
vn 0.5222 -0.7281 0.4439
vn 0.3260 0.7974 -0.5078
vn -0.3202 0.8019 0.5044
vn -0.5500 0.0183 0.8349
vn 0.0036 1.0000 -0.0021
vn -0.4440 0.0014 0.8960
vn 0.8017 -0.3690 0.4702
vn -0.8046 -0.3650 -0.4683
vn -0.3325 -0.6663 0.6674
vn 0.3272 -0.6723 -0.6640
vn -0.4576 0.0310 0.8886
vn -0.5144 0.8017 -0.3045
vn 0.5208 0.7991 0.3004
vn 0.5585 -0.7515 0.3513
vn -0.6306 -0.7002 -0.3347
vn -0.2629 0.8037 0.5339
vn 0.4558 -0.0206 -0.8898
vn -0.8963 0.0015 -0.4434
vn -0.0006 1.0000 -0.0052
vn 0.2693 0.7988 -0.5380
vn 0.4530 -0.0016 -0.8915
vn -0.8327 -0.2726 -0.4820
vn 0.8217 -0.3015 0.4837
vn -0.4559 0.0021 0.8900
vn 0.4566 -0.0178 -0.8895
vn -0.4572 0.0120 0.8893
vn -0.4568 0.0175 0.8894
vn 0.4582 -0.0121 -0.8888
vn 0.4610 -0.0023 -0.8874
vn -0.4540 0.0003 0.8910
vn 0.4615 -0.0276 -0.8867
vn 0.2702 0.7972 -0.5398
vn -0.2639 0.8021 0.5358
vn -0.4570 0.0225 0.8892
vn -0.3155 0.0016 0.9489
vn 0.8589 -0.3696 0.3546
vn -0.8620 -0.3645 -0.3523
vn -0.9250 0.0027 -0.3799
vn 0.2316 -0.6725 -0.7029
vn -0.2373 -0.6660 0.7072
vn -0.5511 0.8020 -0.2303
vn 0.5581 0.7986 0.2253
vn 0.6407 -0.7091 0.2945
vn -0.6443 -0.7189 -0.2611
vn -0.1859 0.8047 0.5639
vn 0.3353 -0.0250 -0.9418
vn -0.9250 0.0014 -0.3800
vn -0.0013 1.0000 -0.0055
vn 0.1927 0.7986 -0.5702
vn 0.3360 -0.0037 -0.9419
vn -0.8905 -0.2722 -0.3644
vn 0.8803 -0.3019 0.3660
vn -0.3446 0.0184 0.9386
vn -0.3614 0.0028 0.9324
vn 0.3279 -0.0189 -0.9445
vn 0.3345 -0.0127 -0.9423
vn 0.3684 -0.0027 -0.9296
vn -0.3368 0.0041 0.9416
vn 0.3594 -0.0067 -0.9332
vn 0.1933 0.7970 -0.5722
vn -0.1873 0.8015 0.5679
vn 0.3152 -0.0047 -0.9490
vn -0.3315 0.0142 0.9434
vn 0.6252 -0.0018 0.7804
vn -0.7352 0.0025 0.6779
vn 0.9970 -0.0059 0.0766
vn -0.0159 0.0012 -0.9999
vn 0.0176 -0.7054 -0.7086
vn -1.0000 0.0063 -0.0005
vn -1.0000 -0.0069 -0.0033
vn 0.9937 0.0051 0.1117
vn -1.0000 -0.0025 0.0054
vn 0.0595 -0.4374 -0.8973
vn 0.9999 0.0048 0.0129
vn -0.9937 -0.0181 0.1102
vn -0.0611 0.8004 -0.5963
vn 0.0405 -0.6982 0.7147
vn -0.1352 -0.6759 -0.7245
vn -0.5897 0.8013 0.1012
vn 0.9733 0.0502 -0.2239
vn -0.2549 -0.0002 -0.9670
vn 0.5898 0.8012 -0.1012
vn 0.9679 -0.0091 -0.2510
vn -0.0999 -0.4037 -0.9094
vn 0.0880 -0.4372 0.8950
vn -0.9953 0.0134 0.0959
vn 0.9848 -0.0289 -0.1712
vn -0.9896 0.0210 0.1423
vn -0.9850 0.0282 0.1702
vn 0.9899 -0.0214 -0.1403
vn 0.9959 -0.0145 -0.0887
vn -0.9681 0.0075 0.2505
vn 0.9943 0.0234 -0.1038
vn -0.9744 -0.0459 0.2201
vn 1.0000 0.0022 -0.0047
vn -0.9999 -0.0054 -0.0144
vn 1.0000 0.0061 0.0029
vn -0.9909 -0.0056 -0.1344
vn -0.9961 0.0063 -0.0876
vn 1.0000 -0.0056 0.0005
vn -0.8908 0.0281 0.4536
vn -0.2397 0.8006 -0.5492
vn 0.2423 0.8002 0.5486
vn 0.2346 -0.6911 0.6836
vn -0.3280 -0.7097 -0.6234
vn 0.8694 0.0259 -0.4934
vn -0.5182 0.0006 -0.8553
vn 0.8597 -0.0053 -0.5107
vn -0.3733 -0.4036 -0.8353
vn 0.3548 -0.4373 0.8264
vn -0.8893 0.0012 0.4572
vn 0.8877 -0.0279 -0.4596
vn -0.8938 0.0194 0.4480
vn -0.8888 0.0261 0.4576
vn 0.8966 -0.0201 -0.4424
vn 0.9047 -0.0045 -0.4260
vn -0.8600 0.0021 0.5103
vn 0.9025 -0.0072 -0.4305
vn 0.5334 0.7987 -0.2785
vn -0.8710 -0.0204 0.4909
vn -0.7568 0.0151 0.6535
vn 0.3976 -0.7146 0.5756
vn -0.5770 -0.4179 -0.7017
vn -0.4382 0.8028 0.4043
vn 0.7304 0.0018 -0.6831
vn 0.7210 -0.0016 0.6929
vn 0.7237 -0.0052 -0.6901
vn -0.7364 0.0119 0.6765
vn 0.5572 -0.4379 0.7055
vn -0.7607 0.0012 0.6491
vn 0.7405 -0.0290 -0.6714
vn -0.7477 0.0189 0.6638
vn -0.4633 -0.7382 -0.4904
vn 0.7510 -0.0201 -0.6600
vn 0.7743 -0.0043 -0.6328
vn -0.7274 0.0027 0.6862
vn 0.7678 -0.0004 -0.6407
vn 0.0002 1.0000 -0.0041
vn -0.5830 -0.0024 0.8125
vn 0.4952 -0.7585 0.4236
vn -0.5354 -0.7597 -0.3691
vn 0.5501 -0.0178 -0.8349
vn 0.8351 -0.0018 0.5501
vn 0.3249 0.7990 -0.5060
vn 0.5494 -0.0097 -0.8355
vn -0.7384 -0.4026 -0.5410
vn 0.7190 -0.4387 0.5391
vn -0.5945 0.0042 0.8041
vn 0.5459 -0.0304 -0.8373
vn -0.5552 0.0200 0.8314
vn -0.5467 0.0294 0.8368
vn 0.5579 -0.0203 -0.8296
vn 0.6072 -0.0052 -0.7946
vn -0.5491 0.0083 0.8357
vn 0.5937 0.0129 -0.8046
vn 0.3260 0.7974 -0.5077
vn -0.3202 0.8019 0.5045
vn -0.5500 0.0195 0.8349
vn -0.2071 0.8685 0.4503
vn -0.4542 0.0305 0.8904
vn 0.8619 -0.0148 0.5068
vn 0.5383 -0.7706 0.3413
vn -0.6119 -0.7212 -0.3247
vn -0.2514 0.8150 0.5221
vn 0.4558 -0.0218 -0.8898
vn -0.8964 0.0027 -0.4433
vn 0.2680 0.8022 -0.5335
vn 0.4530 -0.0030 -0.8915
vn -0.7927 -0.4022 -0.4580
vn 0.7529 -0.4654 0.4653
vn -0.4559 0.0040 0.8900
vn 0.4565 -0.0275 -0.8893
vn -0.4159 -0.0202 0.9092
vn -0.4555 0.0217 0.8900
vn 0.4580 -0.0183 -0.8887
vn 0.4610 -0.0045 -0.8874
vn -0.4536 0.0025 0.8912
vn 0.4615 -0.0295 -0.8867
vn -0.4375 -0.0002 0.8992
vn -0.4448 0.0034 0.8956
vn -0.4582 0.0251 0.8885
vn -0.3544 0.0113 0.9350
vn 0.5580 0.7987 0.2252
vn 0.6211 -0.7298 0.2856
vn -0.6241 -0.7393 -0.2527
vn -0.1858 0.8039 0.5650
vn 0.3353 -0.0265 -0.9417
vn -0.9250 0.0028 -0.3799
vn 0.3360 -0.0072 -0.9418
vn -0.8478 -0.4017 -0.3462
vn 0.8290 -0.4397 0.3457
vn -0.3625 0.0047 0.9320
vn 0.3278 -0.0293 -0.9443
vn -0.3331 0.0195 0.9427
vn -0.3282 0.0290 0.9442
vn 0.3344 -0.0196 -0.9422
vn 0.3684 -0.0053 -0.9296
vn -0.3359 0.0067 0.9419
vn 0.3594 -0.0071 -0.9332
vn -0.1865 0.8023 0.5671
vn -0.3353 0.0271 0.9417
vn -0.9282 0.0186 0.3715
vn -0.1068 -0.0000 0.9943
vn -0.0009 -1.0000 -0.0000
vn 0.9983 -0.0000 0.0586
vn 0.6128 -0.0193 -0.7900
vn -0.8092 0.0205 0.5871
vn 0.9501 -0.0000 -0.3118
vn -0.0027 -0.9999 -0.0148
vn -0.0051 0.9999 -0.0103
vn 0.0069 -1.0000 -0.0026
vn 0.4715 -0.0041 -0.8819
vn -0.0058 1.0000 0.0019
vn 0.7758 -0.0193 -0.6306
vn 0.3019 -0.0078 -0.9533
vn -0.0018 -1.0000 0.0033
vn -0.0008 1.0000 0.0098
vn -0.5998 0.0360 0.7993
vn -0.0024 -1.0000 0.0071
vn 0.0024 1.0000 -0.0071
vn -0.3289 0.0077 0.9443
vn -0.9995 -0.0000 -0.0302
vn -0.7382 0.5989 0.3105
vn -0.9088 -0.0017 -0.4172
vn -0.3878 0.7061 0.5925
vn -0.4945 0.0411 0.8682
vn -0.6237 0.7061 0.3353
vn -0.0044 1.0000 -0.0004
vn 0.6575 0.6866 0.3102
vn -0.0009 1.0000 -0.0001
vn 0.4964 -0.7046 -0.5072
vn 0.0004 -1.0000 -0.0052
vn 0.3993 0.8072 -0.4347
vn 0.0105 0.9999 -0.0033
vn 0.7111 0.6980 -0.0841
vn 0.9582 0.0172 -0.2855
vn -0.2736 0.8217 -0.5000
vn 0.0023 1.0000 -0.0057
vn -0.7061 0.7058 0.0569
vn -0.0879 -0.0000 0.9961
vn -0.8943 0.3629 0.2617
vn -0.9992 0.0110 0.0392
vn -0.3599 0.7023 0.6142
vn -0.4799 0.0257 0.8770
vn 0.3334 -0.3621 -0.8705
vn 0.8766 -0.0340 -0.4800
vn 0.8363 -0.5216 -0.1688
vn 0.5993 0.0056 -0.8005
vn -0.6323 0.6489 -0.4232
vn -0.9249 0.0018 -0.3803
vn -0.9320 0.3556 -0.0707
vn -0.0038 0.9999 -0.0094
vn 0.3392 0.6517 0.6784
vn 0.0065 1.0000 -0.0043
vn -0.8769 -0.4725 -0.0887
vn -0.7555 0.0016 0.6551
vn 0.5527 0.3837 0.7398
vn 0.4093 0.8808 0.2381
vn -0.8666 0.1501 -0.4759
vn -0.1165 -0.9546 -0.2743
vn -0.4791 -0.1867 0.8577
vn -0.4671 -0.1934 0.8628
vn 0.8421 -0.2443 0.4808
vn -0.1181 -0.9534 -0.2777
vn 0.1152 0.9526 0.2817
vn 0.1181 0.9534 0.2777
vn 0.1212 0.9525 0.2793
vn 0.4671 0.1934 -0.8628
vn -0.8423 0.2426 -0.4813
vn 0.4675 0.1961 -0.8620
vn -0.8036 0.2552 -0.5377
vn -0.4675 -0.1961 0.8620
vn 0.7400 -0.5772 0.3453
vn -0.8267 -0.1226 -0.5491
vn -0.8421 0.2443 -0.4808
vn 0.2681 -0.4944 -0.8269
vn -0.4261 -0.7818 0.4552
vn 0.4813 0.1777 -0.8584
vn 0.5994 0.6165 0.5105
vn 0.4979 -0.8515 0.1647
vn -0.6688 -0.5178 -0.5334
vn -0.1851 0.6494 0.7376
vn 0.4830 0.1689 -0.8592
vn -0.8423 0.2431 -0.4812
vn 0.1130 0.9548 0.2748
vn 0.3745 0.8795 -0.2936
vn 0.4861 0.1891 -0.8532
vn -0.4104 0.9095 -0.0660
vn 0.7668 -0.5190 0.3779
vn -0.4923 -0.1729 0.8531
vn -0.5095 -0.1836 0.8406
vn 0.3745 0.8791 -0.2949
vn 0.4836 0.1809 -0.8564
vn 0.5159 0.1818 -0.8371
vn 0.1138 0.9546 0.2752
vn -0.4868 -0.1885 0.8529
vn 0.5072 0.1803 -0.8427
vn -0.7756 -0.1116 -0.6212
vn -0.1875 0.6455 0.7404
vn 0.4668 0.1932 -0.8630
vn 0.8423 -0.2426 0.4813
vn -0.4807 -0.1802 0.8582
vn -0.8035 0.2563 -0.5373
vn -0.5022 -0.1772 0.8464
vn -0.4103 0.9096 -0.0660
vn 0.5994 0.6166 0.5105
vn 0.4778 -0.8659 0.1478
vn -0.6528 -0.5426 -0.5286
vn -0.1853 0.6483 0.7385
vn 0.4828 0.1674 -0.8596
vn 0.4857 0.1857 -0.8542
vn -0.8180 -0.1619 -0.5520
vn 0.7043 -0.6371 0.3133
vn -0.5103 -0.1815 0.8406
vn 0.4756 0.1665 -0.8638
vn -0.4816 -0.1746 0.8588
vn -0.4760 -0.1668 0.8635
vn 0.4828 0.1743 -0.8582
vn 0.5157 0.1794 -0.8378
vn -0.4856 -0.1863 0.8541
vn 0.5072 0.1799 -0.8429
vn 0.3753 0.8784 -0.2958
vn -0.1865 0.6463 0.7399
vn -0.4827 -0.1669 0.8597
vn -0.1168 -0.9547 -0.2737
vn 0.4541 0.1933 -0.8697
vn -0.4791 -0.1870 0.8576
vn -0.7070 0.6044 0.3672
vn -0.8205 0.2472 -0.5154
vn -0.0912 0.9554 -0.2809
vn 0.4542 0.1936 -0.8696
vn -0.4750 0.8263 -0.3029
vn -0.8420 0.2435 -0.4813
vn 0.5477 0.8255 0.1364
vn 0.1170 0.9547 0.2736
vn 0.7822 0.6230 -0.0021
vn 0.1165 0.9543 0.2751
vn 0.9433 -0.1011 0.3163
vn -0.7480 0.1103 -0.6545
vn -0.8421 -0.0271 -0.5386
vn 0.1029 -0.9904 -0.0926
vn -0.5908 -0.1346 0.7955
vn -0.2008 0.8560 -0.4764
vn 0.5678 0.1341 -0.8122
vn 0.6496 0.7602 -0.0085
vn -0.1030 0.9903 0.0934
vn 0.0611 -0.9779 -0.2001
vn -0.0096 -0.2679 0.9634
vn 0.9980 0.0571 0.0258
vn -0.9977 -0.0618 -0.0274
vn -0.9980 -0.0571 -0.0258
vn -0.9981 -0.0579 -0.0222
vn -0.0611 0.9779 0.2001
vn 0.0114 0.2680 -0.9633
vn -0.0639 0.9777 0.2000
vn 0.0062 0.3342 -0.9425
vn 0.0639 -0.9777 -0.2000
vn 0.3574 -0.2283 0.9056
vn 0.3752 0.2702 -0.8867
vn 0.0096 0.2679 -0.9634
vn 0.6226 0.7648 0.1659
vn 0.7134 -0.6884 -0.1314
vn -0.0492 0.9747 0.2178
vn -0.8045 -0.2063 0.5570
vn 0.7007 -0.1737 0.6920
vn 0.7260 0.2269 -0.6492
vn -0.7640 -0.6296 -0.1411
vn -0.0409 0.9744 0.2212
vn 0.0109 0.2680 -0.9634
vn -0.9980 -0.0554 -0.0316
vn -0.8362 0.5393 0.0995
vn -0.0621 0.9732 0.2212
vn -0.7930 0.1150 -0.5983
vn 0.2897 -0.2412 0.9262
vn 0.0476 -0.9719 -0.2306
vn 0.0634 -0.9668 -0.2475
vn -0.8355 0.5405 0.0993
vn -0.0531 0.9741 0.2199
vn -0.0636 0.9649 0.2548
vn -0.9980 -0.0557 -0.0307
vn 0.0617 -0.9731 -0.2221
vn -0.0594 0.9676 0.2456
vn -0.7605 -0.6336 -0.1419
vn 0.6226 0.7647 0.1659
vn -0.0608 0.9780 0.1997
vn -0.0114 -0.2680 0.9633
vn 0.0516 -0.9748 -0.2169
vn -0.6483 0.3059 -0.6972
vn 0.0105 0.2683 -0.9633
vn -0.1253 -0.0589 0.9904
vn 0.1633 0.4335 -0.8862
vn 0.2835 0.2733 -0.9192
vn 0.2101 -0.1116 0.9713
vn -0.1382 -0.9904 0.0069
vn 0.9602 -0.1346 -0.2447
vn -0.1447 0.8560 0.4963
vn -0.9529 0.1341 0.2722
vn -0.5095 0.7602 -0.4031
vn 0.1389 0.9903 -0.0075
vt 0.625000 0.515343
vt 0.647438 0.500000
vt 0.848261 0.500000
vt 0.875000 0.590061
vt 0.875000 0.689737
vt 0.854734 0.750000
vt 0.625000 0.750000
vt 0.125000 0.500000
vt 0.375000 0.500000
vt 0.375000 0.750000
vt 0.125000 0.750000
vt 0.875000 0.500000
vt 0.625000 0.500000
vt 0.548050 0.500000
vt 0.625000 0.515343
vt 0.397793 0.500000
vt 0.375000 0.250000
vt 0.625000 0.250000
vt 0.875000 0.500000
vt 0.842691 0.500000
vt 0.801842 0.500000
vt 0.375007 0.500000
vt 0.685271 0.500000
vt 0.842691 0.500000
vt 0.481363 0.250000
vt 0.508944 0.250000
vt 0.603390 0.209619
vt 0.396610 0.209619
vt 0.603390 0.040381
vt 0.396610 0.040381
vt 0.375000 0.000000
vt 0.625000 0.000000
vt 0.603390 0.125000
vt 0.375000 0.375000
vt 0.625000 0.375000
vt 0.603390 0.125000
vt 0.625000 0.125000
vt 0.625000 0.528929
vt 0.625000 0.375000
vt 0.375000 0.875000
vt 0.625000 0.875000
vt 0.625000 1.000000
vt 0.375000 1.000000
vt 0.625000 0.625000
vt 0.875000 0.625000
vt 0.875000 0.750000
vt 0.396610 0.125000
vt 0.375000 0.125000
vt 0.603390 0.125000
vt 0.625000 0.210053
vt 0.609336 0.220731
vt 0.375000 0.125000
vt 0.609336 0.220730
vt 0.518963 0.250000
vt 0.625000 0.945944
vt 0.394787 0.213025
vt 0.375000 0.195944
vt 0.396610 0.125000
vt 0.409867 0.125000
vt 0.409867 0.065152
vt 0.409867 0.065152
vt 0.409867 0.125000
vt 0.396610 0.125000
vt 0.409867 0.184848
vt 0.590133 0.184848
vt 0.409867 0.125000
vt 0.590133 0.065152
vt 0.590133 0.125000
vt 0.590133 0.125000
vt 0.590133 0.125000
vt 0.409867 0.125000
vt 0.590133 0.125000
vt 0.553609 0.184848
vt 0.590133 0.156137
vt 0.553609 0.184848
vt 0.590133 0.184848
vt 0.590133 0.087235
vt 0.562041 0.065152
vt 0.590133 0.065152
vt 0.805263 0.500000
vt 0.875000 0.539947
vt 0.375000 0.627749
vt 0.286538 0.750000
vt 0.536538 0.750000
vt 0.625000 0.800673
vt 0.448778 0.184848
vt 0.409867 0.154261
vt 0.448778 0.184848
vt 0.394870 0.037128
vt 0.497251 0.000000
vt 0.396610 0.101392
vt 0.409866 0.065150
vt 0.470818 0.040381
vt 0.396610 0.101392
vt 0.511106 0.250000
vt 0.450895 0.750000
vt 0.625000 0.802740
vt 0.625000 0.662281
vt 0.510098 0.500000
vt 0.847178 0.500000
vt 0.339162 0.500000
vt 0.819588 0.500000
vt 0.819588 0.500000
vt 0.410663 0.250000
vt 0.823008 0.500000
vt 0.446791 0.250000
vt 0.340373 0.500000
vt 0.823008 0.500000
vt 0.847179 0.500000
vt 0.677740 0.750000
vt 0.339162 0.500000
vt 0.685272 0.500000
vt 0.548050 0.500000
vt 0.625000 0.159939
vt 0.625000 0.979734
vt 0.441307 1.000000
vt 0.441307 0.000000
vt 0.625000 0.060263
vt 0.481363 0.250000
vt 0.590133 0.156138
vt 0.590133 0.087235
vt 0.532863 0.885898
vt 0.555263 0.750000
vt 0.403929 0.250000
vt 0.394787 0.213025
vt 0.375000 0.050673
vt 0.394870 0.037128
vt 0.409867 0.154261
vt 0.409866 0.065150
vt 0.603390 0.124997
vt 0.624998 0.000002
vt 0.624999 0.000003
vt 0.396612 0.040381
vt 0.590133 0.125003
vt 0.409868 0.184848
vt 0.603389 0.209617
vt 0.603389 0.209617
vt 0.590133 0.125003
vt 0.396612 0.040381
vt 0.375008 0.500000
vt 0.798192 0.500000
vt 0.700255 0.500000
vt 0.603390 0.124997
vt 0.409868 0.184848
s 0
usemtl Bridge_Surface
f 938/1/1 937/2/1 943/3/1 946/4/1 949/5/1 948/6/1 6/7/1
f 944/12/4 943/3/4 937/2/4 936/13/4 28/13/4 27/12/4
f 953/19/10 952/20/10 18/13/10 38/13/10 19/12/10
f 12/12/15 935/23/15 934/13/15 18/13/15 952/24/15 951/12/15
f 907/12/424 892/13/424 909/13/424 924/100/424 923/12/424
f 920/12/427 919/102/427 898/13/427 913/13/427 899/12/427
f 895/12/431 897/13/431 898/13/431 919/103/431 918/12/431
f 899/12/434 913/13/434 901/13/434 916/105/434 915/12/434
f 914/107/437 915/18/437 916/105/437
f 917/104/439 918/18/439 919/103/439 920/12/439
f 921/12/441 922/95/441 923/18/441 924/100/441
f 921/12/442 924/109/442 909/13/442 897/13/442 895/12/442
f 925/110/443 926/96/443 927/98/443
f 892/13/444 907/12/444 905/46/444 925/110/444 927/98/444
f 932/13/447 933/16/447 934/13/447 935/23/447
f 27/12/448 28/13/448 932/13/448 935/112/448 12/12/448
f 936/13/449 937/2/449 938/1/449 939/14/449
f 940/13/451 941/22/451 942/21/451
f 19/12/452 38/13/452 940/13/452 942/21/452 40/12/452
f 943/3/453 944/12/453 945/26/453 946/114/453
f 947/117/455 948/115/455 949/5/455
f 950/119/457 951/18/457 952/24/457 953/19/457
f 1123/107/542 1124/18/542 1125/105/542
f 1126/13/544 1127/22/544 1128/21/544
f 1133/22/548 1134/13/548 1135/141/548
f 1117/12/549 1135/141/549 1134/13/549 1119/13/549 1125/105/549 1124/12/549
f 1136/140/550 1137/13/550 1138/142/550
f 982/12/551 1138/142/551 1137/13/551 1126/13/551 1128/21/551 987/12/551
f 1152/13/557 1153/22/557 1154/21/557
f 1156/140/559 1157/13/559 1158/142/559
f 1015/12/560 1158/142/560 1157/13/560 1152/13/560 1154/21/560 1151/12/560
f 1233/12/613 1244/142/613 1243/13/613 1239/13/613 1241/21/613 1238/12/613
usemtl Bridge_Walls
f 25/8/2 7/9/2 26/10/2 24/11/2
f 10/9/3 9/8/3 13/8/3 30/9/3
f 7/9/5 939/14/5 938/15/5 6/7/5 26/10/5
f 7/9/6 25/8/6 9/8/6 10/9/6
f 934/13/7 933/16/7 30/9/7 33/9/7 18/13/7
f 9/17/8 27/18/8 12/18/8 13/17/8
f 18/13/9 33/9/9 21/9/9 38/13/9
f 28/13/11 10/9/11 30/9/11 933/16/11 932/13/11
f 30/9/12 13/8/12 32/8/12 33/9/12
f 23/8/13 40/12/13 942/21/13 941/22/13 22/9/13
f 33/9/14 32/8/14 36/8/14 21/9/14
f 13/17/16 12/18/16 951/18/16 950/25/16 32/17/16
f 21/9/17 36/8/17 23/8/17 22/9/17
f 36/17/18 19/18/18 40/18/18 23/17/18
f 38/13/19 21/9/19 22/9/19 941/22/19 940/13/19
f 25/17/20 945/26/20 944/18/20 27/18/20 9/17/20
f 86/27/21 106/28/21 54/28/21 53/27/21
f 43/29/22 1/30/22 72/31/22 73/32/22
f 358/33/23 90/27/23 110/27/23 360/33/23
f 4/9/24 70/13/24 71/7/24 46/10/24
f 44/8/25 73/9/25 72/10/25 2/11/25
f 354/34/26 352/35/26 4/13/26 46/9/26
f 45/27/27 3/28/27 89/28/27 90/27/27
f 16/30/23 15/29/23 5/29/23 8/30/23
f 315/36/28 94/27/28 17/27/28 317/33/28
f 315/36/29 96/29/29 74/32/29 312/37/29
f 113/9/30 968/9/30 967/38/30 76/7/30 93/10/30
f 44/17/26 2/18/26 352/35/26 354/34/26
f 210/34/31 208/39/31 35/13/31 42/9/31
f 35/9/32 77/13/32 78/7/32 42/10/32
f 208/40/33 207/41/33 77/42/33 35/43/33
f 39/8/34 80/9/34 79/10/34 31/11/34
f 210/44/35 209/45/35 80/46/35 39/7/35
f 52/30/23 51/29/23 47/29/23 48/30/23
f 398/36/36 86/27/36 53/27/36 400/33/36
f 397/47/37 106/28/37 69/17/37 393/48/37
f 212/49/35 41/27/35 98/27/35 214/33/35
f 82/27/23 81/28/23 101/28/23 102/27/23
f 436/40/38 435/41/38 63/42/38 58/43/38
f 60/8/39 65/9/39 64/10/39 56/11/39
f 438/34/40 436/35/40 58/13/40 62/9/40
f 442/33/23 82/27/23 102/27/23 444/33/23
f 1/30/41 43/29/41 92/29/41 91/30/41
f 29/30/34 37/29/34 100/29/34 99/30/34
f 61/27/42 440/36/42 437/37/42 965/50/42 964/51/42
f 60/17/40 56/18/40 436/35/40 438/34/40
f 55/30/43 59/29/43 84/29/43 83/30/43
f 440/36/44 59/29/44 65/32/44 437/37/44
f 394/40/45 393/41/45 69/42/45 105/43/45
f 106/28/37 86/27/37 68/18/37 69/17/37
f 399/47/23 52/30/23 48/30/23 401/47/23
f 87/17/46 107/18/46 394/35/46 396/34/46
f 357/47/23 91/30/23 111/30/23 359/47/23
f 354/44/47 353/45/47 73/46/47 44/7/47
f 85/13/48 68/12/48 395/45/48 396/44/48
f 3/28/22 45/27/22 71/18/22 70/17/22
f 96/29/29 116/30/29 75/31/29 74/32/29
f 316/47/23 16/30/23 8/30/23 318/47/23
f 17/27/23 20/28/23 14/28/23 11/27/23
f 116/30/49 96/29/49 15/29/49 16/30/49
f 34/28/23 41/27/23 78/18/23 77/17/23
f 211/47/23 34/28/23 77/17/23 207/52/23
f 37/29/23 29/30/23 79/31/23 80/32/23
f 212/49/23 37/29/23 80/32/23 209/37/23
f 214/33/23 98/27/23 118/27/23 216/33/23
f 356/36/22 43/29/22 73/32/22 353/37/22
f 99/30/23 100/29/23 120/29/23 119/30/23
f 352/40/50 351/41/50 70/42/50 4/43/50
f 213/47/23 99/30/23 119/30/23 215/47/23
f 105/9/51 69/13/51 68/7/51 85/10/51
f 98/27/23 97/28/23 117/28/23 118/27/23
f 313/44/52 312/45/52 74/46/52 95/7/52
f 317/33/23 17/27/23 11/27/23 319/33/23
f 441/47/23 83/30/23 103/30/23 443/47/23
f 94/27/53 114/28/53 20/28/53 17/27/53
f 57/28/54 61/27/54 964/53/54 963/54/54 63/17/54
f 311/40/55 310/41/55 969/55/55 968/43/55 113/43/55
f 59/29/44 55/30/44 64/31/44 65/32/44
f 438/44/56 437/45/56 65/46/56 60/7/56
f 53/27/23 54/28/23 50/28/23 49/27/23
f 398/36/37 88/29/37 66/32/37 395/37/37
f 396/44/48 395/45/48 66/46/48 87/7/48
f 41/27/32 34/28/32 97/28/32 98/27/32
f 108/30/57 88/29/57 51/29/57 52/30/57
f 211/47/33 29/30/33 99/30/33 213/47/33
f 90/27/23 89/28/23 109/28/23 110/27/23
f 91/30/23 92/29/23 112/29/23 111/30/23
f 95/17/58 115/18/58 311/35/58 313/34/58
f 216/33/59 118/27/59 122/27/59 218/33/59
f 88/29/37 108/30/37 67/31/37 66/32/37
f 586/13/60 588/12/60 621/45/60 622/44/60
f 356/36/61 45/27/61 90/27/61 358/33/61
f 355/47/22 3/28/22 70/17/22 351/48/22
f 46/13/47 71/12/47 353/45/47 354/44/47
f 95/8/62 74/9/62 75/10/62 115/11/62
f 439/47/44 57/28/44 63/17/44 435/48/44
f 314/47/63 114/28/63 966/56/63 969/57/63 310/48/63
f 83/30/23 84/29/23 104/29/23 103/30/23
f 313/34/58 311/35/58 113/13/58 93/9/58
f 61/27/64 57/28/64 81/28/64 82/27/64
f 440/36/65 61/27/65 82/27/65 442/33/65
f 396/34/46 394/35/46 105/13/46 85/9/46
f 87/8/66 66/9/66 67/10/66 107/11/66
f 400/33/23 53/27/23 49/27/23 402/33/23
f 123/30/34 124/29/34 132/29/34 131/30/34
f 215/47/67 119/30/67 123/30/67 217/58/67
f 119/30/68 120/29/68 124/29/68 123/30/68
f 118/27/69 117/28/69 121/28/69 122/27/69
f 228/59/70 141/60/70 135/61/70 223/62/70
f 122/27/32 121/28/32 129/28/32 130/27/32
f 218/33/35 122/27/35 130/27/35 220/33/35
f 217/58/33 123/30/33 131/30/33 219/63/33
f 125/64/71 126/65/71 130/27/71 129/28/71
f 221/66/72 125/64/72 129/28/72 219/63/72
f 128/67/73 127/61/73 131/30/73 132/29/73
f 222/68/74 128/67/74 132/29/74 220/33/74
f 135/61/75 136/67/75 140/67/75 139/61/75
f 141/60/76 143/67/76 136/67/76 135/61/76
f 144/65/32 142/64/32 133/64/32 134/65/32
f 227/69/77 144/65/77 134/65/77 224/70/77
f 225/62/23 226/70/23 138/65/23 137/64/23
f 134/65/32 133/64/32 137/64/32 138/65/32
f 224/70/78 134/65/78 138/65/78 226/70/78
f 223/62/79 135/61/79 139/61/79 225/62/79
f 222/68/80 126/65/80 144/65/80 227/69/80
f 126/65/32 125/64/32 142/64/32 144/65/32
f 127/61/81 128/67/81 143/67/81 141/60/81
f 221/66/82 127/61/82 141/60/82 228/59/82
f 150/17/31 146/18/31 186/35/31 188/34/31
f 148/9/83 153/13/83 154/7/83 152/10/83
f 188/34/31 186/35/31 148/13/31 152/9/31
f 150/8/84 156/9/84 155/10/84 146/11/84
f 236/13/85 238/12/85 270/45/85 271/44/85
f 186/40/86 185/41/86 153/42/86 148/43/86
f 145/30/84 149/29/84 160/29/84 159/30/84
f 147/28/23 151/27/23 154/18/23 153/17/23
f 190/36/60 151/27/60 158/27/60 192/33/60
f 149/29/23 145/30/23 155/31/23 156/32/23
f 188/44/60 187/45/60 156/46/60 150/7/60
f 189/47/23 147/28/23 153/17/23 185/48/23
f 159/30/23 160/29/23 164/29/23 163/30/23
f 190/36/23 149/29/23 156/32/23 187/37/23
f 158/27/23 157/28/23 161/28/23 162/27/23
f 151/27/83 147/28/83 157/28/83 158/27/83
f 191/47/23 159/30/23 163/30/23 193/47/23
f 192/33/23 158/27/23 162/27/23 194/33/23
f 167/30/84 168/29/84 176/29/84 175/30/84
f 189/47/86 145/30/86 159/30/86 191/47/86
f 163/30/87 164/29/87 168/29/87 167/30/87
f 162/27/88 161/28/88 165/28/88 166/27/88
f 193/47/89 163/30/89 167/30/89 195/47/89
f 166/27/83 165/28/83 173/28/83 174/27/83
f 194/33/90 162/27/90 166/27/90 196/33/90
f 206/71/91 181/60/91 136/61/91 201/66/91
f 169/64/92 170/65/92 174/27/92 173/28/92
f 196/33/60 166/27/60 174/27/60 198/36/60
f 172/67/93 171/61/93 175/30/93 176/29/93
f 195/47/86 167/30/86 175/30/86 197/47/86
f 181/60/94 183/67/94 135/67/94 136/61/94
f 184/65/95 182/64/95 177/64/95 178/65/95
f 199/71/96 169/64/96 173/28/96 197/47/96
f 205/72/97 184/65/97 178/65/97 202/68/97
f 178/65/98 180/65/98 179/64/98 177/64/98
f 203/66/99 204/68/99 180/65/99 179/64/99
f 200/69/100 172/67/100 176/29/100 198/36/100
f 202/68/101 178/65/101 180/65/101 204/68/101
f 170/65/102 169/64/102 182/64/102 184/65/102
f 171/61/103 172/67/103 183/67/103 181/60/103
f 201/66/104 136/61/104 140/61/104 203/66/104
f 200/69/105 170/65/105 184/65/105 205/72/105
f 199/71/106 171/61/106 181/60/106 206/71/106
f 169/64/107 199/71/107 206/71/107 182/64/107
f 172/67/108 200/69/108 205/72/108 183/67/108
f 135/67/109 202/68/109 204/68/109 139/67/109
f 140/61/110 139/67/110 204/68/110 203/66/110
f 177/64/111 201/66/111 203/66/111 179/64/111
f 183/67/112 205/72/112 202/68/112 135/67/112
f 170/65/113 200/69/113 198/36/113 174/27/113
f 171/61/114 199/71/114 197/47/114 175/30/114
f 165/28/86 195/47/86 197/47/86 173/28/86
f 182/64/115 206/71/115 201/66/115 177/64/115
f 168/29/60 196/33/60 198/36/60 176/29/60
f 161/28/89 193/47/89 195/47/89 165/28/89
f 147/28/86 189/47/86 191/47/86 157/28/86
f 164/29/90 194/33/90 196/33/90 168/29/90
f 157/28/23 191/47/23 193/47/23 161/28/23
f 160/29/23 192/33/23 194/33/23 164/29/23
f 145/30/23 189/47/23 185/48/23 155/31/23
f 151/27/23 190/36/23 187/37/23 154/18/23
f 149/29/60 190/36/60 192/33/60 160/29/60
f 146/10/86 155/7/86 185/41/86 186/40/86
f 125/64/116 221/66/116 228/59/116 142/64/116
f 128/67/117 222/68/117 227/69/117 143/67/117
f 133/64/118 223/62/118 225/62/118 137/64/118
f 136/67/119 224/70/119 226/70/119 140/67/119
f 139/61/23 140/67/23 226/70/23 225/62/23
f 143/67/120 227/69/120 224/70/120 136/67/120
f 126/65/121 222/68/121 220/33/121 130/27/121
f 127/61/122 221/66/122 219/63/122 131/30/122
f 121/28/33 217/58/33 219/63/33 129/28/33
f 124/29/35 218/33/35 220/33/35 132/29/35
f 142/64/123 228/59/123 223/62/123 133/64/123
f 117/28/67 215/47/67 217/58/67 121/28/67
f 120/29/59 216/33/59 218/33/59 124/29/59
f 34/28/33 211/47/33 213/47/33 97/28/33
f 97/28/23 213/47/23 215/47/23 117/28/23
f 100/29/23 214/33/23 216/33/23 120/29/23
f 41/27/23 212/49/23 209/37/23 78/18/23
f 29/30/23 211/47/23 207/52/23 79/31/23
f 37/29/35 212/49/35 214/33/35 100/29/35
f 42/13/35 78/12/35 209/45/35 210/44/35
f 31/10/33 79/7/33 207/41/33 208/40/33
f 39/17/31 31/18/31 208/39/31 210/34/31
f 234/17/124 230/18/124 269/35/124 271/34/124
f 232/9/125 237/13/125 238/7/125 236/10/125
f 271/34/124 269/35/124 232/13/124 236/9/124
f 234/8/126 240/9/126 239/10/126 230/11/126
f 93/13/52 76/12/52 312/45/52 313/44/52
f 269/40/127 268/41/127 237/42/127 232/43/127
f 229/30/128 233/29/128 244/29/128 243/30/128
f 231/28/129 235/27/129 238/18/129 237/17/129
f 273/36/130 235/27/130 242/27/130 275/33/130
f 233/29/129 229/30/129 239/31/129 240/32/129
f 271/44/85 270/45/85 240/46/85 234/7/85
f 272/47/129 231/28/129 237/17/129 268/48/129
f 243/30/23 244/29/23 248/29/23 247/30/23
f 273/36/129 233/29/129 240/32/129 270/37/129
f 242/27/23 241/28/23 245/28/23 246/27/23
f 235/27/131 231/28/131 241/28/131 242/27/131
f 274/47/23 243/30/23 247/30/23 276/47/23
f 275/33/23 242/27/23 246/27/23 277/33/23
f 251/30/126 252/29/126 260/29/126 259/30/126
f 272/47/132 229/30/132 243/30/132 274/47/132
f 247/30/133 248/29/133 252/29/133 251/30/133
f 246/27/134 245/28/134 249/28/134 250/27/134
f 276/47/135 247/30/135 251/30/135 278/47/135
f 250/27/125 249/28/125 257/28/125 258/27/125
f 277/33/136 246/27/136 250/27/136 279/33/136
f 289/71/137 265/60/137 177/61/137 284/66/137
f 253/64/138 254/65/138 258/27/138 257/28/138
f 279/33/85 250/27/85 258/27/85 281/36/85
f 256/67/139 255/61/139 259/30/139 260/29/139
f 278/47/127 251/30/127 259/30/127 280/47/127
f 265/60/140 267/67/140 178/67/140 177/61/140
f 282/71/141 253/64/141 257/28/141 280/47/141
f 956/65/142 955/73/142 266/64/142 261/64/142 262/65/142
f 262/65/143 264/65/143 263/64/143 261/64/143
f 286/66/144 287/68/144 264/65/144 263/64/144
f 283/69/145 256/67/145 260/29/145 281/36/145
f 285/68/146 262/65/146 264/65/146 287/68/146
f 288/72/147 957/74/147 956/65/147 262/65/147 285/68/147
f 255/61/148 256/67/148 267/67/148 265/60/148
f 284/66/149 177/61/149 179/61/149 286/66/149
f 254/65/150 253/64/150 266/64/150 955/75/150 954/76/150
f 282/71/151 255/61/151 265/60/151 289/71/151
f 253/64/152 282/71/152 289/71/152 266/64/152
f 256/67/153 283/69/153 288/72/153 267/67/153
f 178/67/154 285/68/154 287/68/154 180/67/154
f 179/61/155 180/67/155 287/68/155 286/66/155
f 261/64/156 284/66/156 286/66/156 263/64/156
f 267/67/157 288/72/157 285/68/157 178/67/157
f 254/65/158 283/69/158 281/36/158 258/27/158
f 255/61/159 282/71/159 280/47/159 259/30/159
f 249/28/127 278/47/127 280/47/127 257/28/127
f 266/64/160 289/71/160 284/66/160 261/64/160
f 252/29/85 279/33/85 281/36/85 260/29/85
f 245/28/135 276/47/135 278/47/135 249/28/135
f 231/28/132 272/47/132 274/47/132 241/28/132
f 248/29/136 277/33/136 279/33/136 252/29/136
f 241/28/23 274/47/23 276/47/23 245/28/23
f 244/29/23 275/33/23 277/33/23 248/29/23
f 229/30/129 272/47/129 268/48/129 239/31/129
f 235/27/129 273/36/129 270/37/129 238/18/129
f 233/29/130 273/36/130 275/33/130 244/29/130
f 230/10/127 239/7/127 268/41/127 269/40/127
f 292/30/62 293/29/62 301/29/62 300/30/62
f 314/47/161 116/30/161 16/30/161 316/47/161
f 8/30/162 5/29/162 293/29/162 292/30/162
f 11/27/163 14/28/163 290/28/163 291/27/163
f 318/47/164 8/30/164 292/30/164 320/47/164
f 291/27/165 290/28/165 298/28/165 299/27/165
f 319/33/166 11/27/166 291/27/166 321/33/166
f 331/71/167 306/60/167 261/61/167 326/66/167
f 294/64/168 295/65/168 299/27/168 298/28/168
f 321/33/52 291/27/52 299/27/52 323/36/52
f 297/67/169 296/61/169 300/30/169 301/29/169
f 320/47/170 292/30/170 300/30/170 322/47/170
f 306/60/171 308/67/171 262/67/171 261/61/171
f 309/65/172 307/64/172 302/64/172 303/65/172
f 324/71/173 294/64/173 298/28/173 322/47/173
f 330/72/174 309/65/174 303/65/174 327/68/174
f 303/65/175 302/64/175 304/64/175 305/65/175
f 328/66/144 329/68/144 305/65/144 304/64/144
f 325/69/176 297/67/176 301/29/176 323/36/176
f 327/68/177 303/65/177 305/65/177 329/68/177
f 295/65/178 294/64/178 307/64/178 309/65/178
f 296/61/179 297/67/179 308/67/179 306/60/179
f 326/66/180 261/61/180 263/61/180 328/66/180
f 325/69/181 295/65/181 309/65/181 330/72/181
f 324/71/182 296/61/182 306/60/182 331/71/182
f 294/64/183 324/71/183 331/71/183 307/64/183
f 297/67/184 325/69/184 330/72/184 308/67/184
f 262/67/185 327/68/185 329/68/185 264/67/185
f 263/61/155 264/67/155 329/68/155 328/66/155
f 302/64/186 326/66/186 328/66/186 304/64/186
f 308/67/187 330/72/187 327/68/187 262/67/187
f 295/65/188 325/69/188 323/36/188 299/27/188
f 296/61/189 324/71/189 322/47/189 300/30/189
f 290/28/170 320/47/170 322/47/170 298/28/170
f 307/64/190 331/71/190 326/66/190 302/64/190
f 293/29/52 321/33/52 323/36/52 301/29/52
f 14/28/164 318/47/164 320/47/164 290/28/164
f 114/28/161 314/47/161 316/47/161 20/28/161
f 5/29/166 319/33/166 321/33/166 293/29/166
f 20/28/23 316/47/23 318/47/23 14/28/23
f 15/29/23 317/33/23 319/33/23 5/29/23
f 116/30/29 314/47/29 310/48/29 75/31/29
f 94/27/29 315/36/29 312/37/29 76/18/29
f 96/29/28 315/36/28 317/33/28 15/29/28
f 115/10/170 75/7/170 310/41/170 311/40/170
f 334/30/25 335/29/25 343/29/25 342/30/25
f 355/47/191 1/30/191 91/30/191 357/47/191
f 111/30/192 112/29/192 335/29/192 334/30/192
f 110/27/193 109/28/193 332/28/193 333/27/193
f 359/47/194 111/30/194 334/30/194 361/47/194
f 333/27/24 332/28/24 340/28/24 341/27/24
f 360/33/195 110/27/195 333/27/195 362/33/195
f 372/71/196 348/60/196 302/61/196 367/66/196
f 336/64/197 337/65/197 341/27/197 340/28/197
f 362/33/47 333/27/47 341/27/47 364/36/47
f 339/67/198 338/61/198 342/30/198 343/29/198
f 361/47/50 334/30/50 342/30/50 363/47/50
f 339/67/199 366/69/199 371/72/199 961/77/199 960/67/199
f 350/65/200 349/64/200 344/64/200 345/65/200
f 365/71/201 336/64/201 340/28/201 363/47/201
f 371/72/202 350/65/202 345/65/202 368/68/202
f 345/65/203 344/64/203 346/64/203 347/65/203
f 369/66/99 370/68/99 347/65/99 346/64/99
f 366/69/204 339/67/204 343/29/204 364/36/204
f 368/68/205 345/65/205 347/65/205 370/68/205
f 337/65/206 336/64/206 349/64/206 350/65/206
f 367/66/207 302/61/207 304/61/207 369/66/207
f 366/69/208 337/65/208 350/65/208 371/72/208
f 365/71/209 338/61/209 348/60/209 372/71/209
f 336/64/210 365/71/210 372/71/210 349/64/210
f 338/61/211 339/67/211 960/67/211 959/78/211 348/60/211
f 303/67/212 368/68/212 370/68/212 305/67/212
f 304/61/213 305/67/213 370/68/213 369/66/213
f 344/64/214 367/66/214 369/66/214 346/64/214
f 348/60/215 959/78/215 958/79/215 303/67/215 302/61/215
f 337/65/216 366/69/216 364/36/216 341/27/216
f 338/61/217 365/71/217 363/47/217 342/30/217
f 332/28/50 361/47/50 363/47/50 340/28/50
f 349/64/218 372/71/218 367/66/218 344/64/218
f 335/29/47 362/33/47 364/36/47 343/29/47
f 109/28/194 359/47/194 361/47/194 332/28/194
f 3/28/191 355/47/191 357/47/191 89/28/191
f 112/29/195 360/33/195 362/33/195 335/29/195
f 89/28/23 357/47/23 359/47/23 109/28/23
f 92/29/23 358/33/23 360/33/23 112/29/23
f 1/30/219 355/47/219 351/48/219 72/31/219
f 45/27/22 356/36/22 353/37/22 71/18/22
f 43/29/61 356/36/61 358/33/61 92/29/61
f 2/10/50 72/7/50 351/41/50 352/40/50
f 375/30/66 376/29/66 384/29/66 383/30/66
f 397/47/220 108/30/220 52/30/220 399/47/220
f 48/30/221 47/29/221 376/29/221 375/30/221
f 49/27/222 50/28/222 373/28/222 374/27/222
f 401/47/223 48/30/223 375/30/223 403/47/223
f 374/27/51 373/28/51 381/28/51 382/27/51
f 402/33/224 49/27/224 374/27/224 404/33/224
f 414/71/225 389/60/225 344/61/225 409/66/225
f 377/64/226 378/65/226 382/27/226 381/28/226
f 404/33/48 374/27/48 382/27/48 406/36/48
f 380/67/227 379/61/227 383/30/227 384/29/227
f 403/47/45 375/30/45 383/30/45 405/47/45
f 389/60/228 391/67/228 345/67/228 344/61/228
f 392/65/229 390/64/229 385/64/229 386/65/229
f 407/71/230 377/64/230 381/28/230 405/47/230
f 413/72/231 392/65/231 386/65/231 410/68/231
f 386/65/232 385/64/232 387/64/232 388/65/232
f 411/66/233 412/68/233 388/65/233 387/64/233
f 408/69/234 380/67/234 384/29/234 406/36/234
f 410/68/235 386/65/235 388/65/235 412/68/235
f 378/65/236 377/64/236 390/64/236 392/65/236
f 379/61/237 380/67/237 391/67/237 389/60/237
f 409/66/238 344/61/238 346/61/238 411/66/238
f 408/69/239 378/65/239 392/65/239 413/72/239
f 407/71/240 379/61/240 389/60/240 414/71/240
f 377/64/241 407/71/241 414/71/241 390/64/241
f 380/67/242 408/69/242 413/72/242 391/67/242
f 345/67/243 410/68/243 412/68/243 347/67/243
f 346/61/99 347/67/99 412/68/99 411/66/99
f 385/64/244 409/66/244 411/66/244 387/64/244
f 391/67/245 413/72/245 410/68/245 345/67/245
f 378/65/246 408/69/246 406/36/246 382/27/246
f 379/61/247 407/71/247 405/47/247 383/30/247
f 373/28/45 403/47/45 405/47/45 381/28/45
f 390/64/248 414/71/248 409/66/248 385/64/248
f 376/29/48 404/33/48 406/36/48 384/29/48
f 50/28/223 401/47/223 403/47/223 373/28/223
f 106/28/220 397/47/220 399/47/220 54/28/220
f 47/29/224 402/33/224 404/33/224 376/29/224
f 54/28/23 399/47/23 401/47/23 50/28/23
f 51/29/23 400/33/23 402/33/23 47/29/23
f 108/30/37 397/47/37 393/48/37 67/31/37
f 86/27/37 398/36/37 395/37/37 68/18/37
f 88/29/36 398/36/36 400/33/36 51/29/36
f 107/10/45 67/7/45 393/41/45 394/40/45
f 417/30/39 418/29/39 426/29/39 425/30/39
f 439/47/249 55/30/249 83/30/249 441/47/249
f 103/30/250 104/29/250 418/29/250 417/30/250
f 102/27/251 101/28/251 415/28/251 416/27/251
f 416/27/252 415/28/252 423/28/252 424/27/252
f 444/33/253 102/27/253 416/27/253 446/33/253
f 443/47/254 103/30/254 417/30/254 445/47/254
f 419/64/255 420/65/255 424/27/255 423/28/255
f 446/33/56 416/27/56 424/27/56 448/36/56
f 422/67/256 421/61/256 425/30/256 426/29/256
f 445/47/38 417/30/38 425/30/38 447/47/38
f 431/60/257 433/67/257 386/67/257 385/61/257
f 434/65/258 432/64/258 427/64/258 428/65/258
f 449/71/259 419/64/259 423/28/259 447/47/259
f 455/72/260 434/65/260 428/65/260 452/68/260
f 428/65/261 427/64/261 429/64/261 430/65/261
f 453/66/262 454/68/262 430/65/262 429/64/262
f 450/69/263 422/67/263 426/29/263 448/36/263
f 452/68/264 428/65/264 430/65/264 454/68/264
f 420/65/265 419/64/265 432/64/265 434/65/265
f 421/61/266 422/67/266 433/67/266 431/60/266
f 431/60/267 385/61/267 451/66/267 427/64/267 432/64/267
f 451/66/268 385/61/268 387/61/268 453/66/268
f 450/69/269 420/65/269 434/65/269 455/72/269
f 422/67/270 450/69/270 455/72/270 433/67/270
f 386/67/271 452/68/271 454/68/271 388/67/271
f 387/61/213 388/67/213 454/68/213 453/66/213
f 427/64/272 451/66/272 453/66/272 429/64/272
f 433/67/273 455/72/273 452/68/273 386/67/273
f 420/65/274 450/69/274 448/36/274 424/27/274
f 421/61/275 449/71/275 447/47/275 425/30/275
f 415/28/38 445/47/38 447/47/38 423/28/38
f 418/29/56 446/33/56 448/36/56 426/29/56
f 101/28/254 443/47/254 445/47/254 415/28/254
f 57/28/249 439/47/249 441/47/249 81/28/249
f 104/29/253 444/33/253 446/33/253 418/29/253
f 81/28/23 441/47/23 443/47/23 101/28/23
f 84/29/23 442/33/23 444/33/23 104/29/23
f 55/30/44 439/47/44 435/48/44 64/31/44
f 62/13/276 962/80/276 965/81/276 437/45/276 438/44/276
f 59/29/65 440/36/65 442/33/65 84/29/65
f 56/10/38 64/7/38 435/41/38 436/40/38
f 449/71/277 421/61/277 431/60/277 432/64/277 419/64/277
f 495/13/56 497/12/56 871/45/56 872/44/56
f 520/27/51 540/28/51 487/28/51 486/27/51
f 476/29/22 456/30/22 506/31/22 507/32/22
f 793/33/23 524/27/23 544/27/23 795/33/23
f 459/9/24 504/13/24 505/7/24 479/10/24
f 477/8/25 507/9/25 506/10/25 457/11/25
f 789/34/26 787/35/26 459/13/26 479/9/26
f 478/27/24 458/28/24 523/28/24 524/27/24
f 465/30/23 464/29/23 460/29/23 461/30/23
f 749/36/52 528/27/52 466/27/52 751/33/52
f 749/36/29 530/29/29 508/32/29 746/37/29
f 748/47/29 548/28/29 510/17/29 744/48/29
f 745/40/170 744/41/170 510/42/170 547/43/170
f 477/17/26 457/18/26 787/35/26 789/34/26
f 644/34/31 642/39/31 471/13/31 475/9/31
f 471/9/32 511/13/32 512/7/32 475/10/32
f 642/40/33 641/41/33 511/42/33 471/43/33
f 473/8/34 514/9/34 513/10/34 469/11/34
f 644/44/35 643/45/35 514/46/35 473/7/35
f 485/30/23 484/29/23 480/29/23 481/30/23
f 832/36/48 520/27/48 486/27/48 834/33/48
f 831/47/37 540/28/37 503/17/37 827/48/37
f 646/49/35 474/27/35 532/27/35 648/33/35
f 516/27/23 515/28/23 535/28/23 536/27/23
f 870/40/38 869/41/38 496/42/38 491/43/38
f 493/8/39 499/9/39 498/10/39 489/11/39
f 872/34/40 870/35/40 491/13/40 495/9/40
f 876/33/23 516/27/23 536/27/23 878/33/23
f 456/30/25 476/29/25 526/29/25 525/30/25
f 468/30/34 472/29/34 534/29/34 533/30/34
f 490/28/44 494/27/44 497/18/44 496/17/44
f 493/17/40 489/18/40 870/35/40 872/34/40
f 488/30/39 492/29/39 518/29/39 517/30/39
f 874/36/44 492/29/44 499/32/44 871/37/44
f 828/40/45 827/41/45 503/42/45 539/43/45
f 540/28/37 520/27/37 502/18/37 503/17/37
f 833/47/23 485/30/23 481/30/23 835/47/23
f 521/17/46 541/18/46 828/35/46 830/34/46
f 792/47/23 525/30/23 545/30/23 794/47/23
f 789/44/47 788/45/47 507/46/47 477/7/47
f 519/13/48 502/12/48 829/45/48 830/44/48
f 458/28/22 478/27/22 505/18/22 504/17/22
f 529/8/278 508/9/278 972/82/278 971/83/278 549/11/278
f 750/47/23 465/30/23 461/30/23 752/47/23
f 466/27/23 467/28/23 463/28/23 462/27/23
f 550/30/62 530/29/62 464/29/62 465/30/62
f 470/28/23 474/27/23 512/18/23 511/17/23
f 645/47/23 470/28/23 511/17/23 641/52/23
f 472/29/23 468/30/23 513/31/23 514/32/23
f 646/49/23 472/29/23 514/32/23 643/37/23
f 648/33/23 532/27/23 552/27/23 650/33/23
f 791/36/22 476/29/22 507/32/22 788/37/22
f 533/30/23 534/29/23 554/29/23 553/30/23
f 787/40/50 786/41/50 504/42/50 459/43/50
f 647/47/23 533/30/23 553/30/23 649/47/23
f 539/9/51 503/13/51 502/7/51 519/10/51
f 532/27/23 531/28/23 551/28/23 552/27/23
f 747/44/52 746/45/52 508/46/52 529/7/52
f 751/33/23 466/27/23 462/27/23 753/33/23
f 875/47/23 517/30/23 537/30/23 877/47/23
f 528/27/165 548/28/165 467/28/165 466/27/165
f 491/9/252 496/13/252 497/7/252 495/10/252
f 548/28/29 528/27/29 509/18/29 510/17/29
f 492/29/44 488/30/44 498/31/44 499/32/44
f 872/44/56 871/45/56 499/46/56 493/7/56
f 486/27/23 487/28/23 483/28/23 482/27/23
f 832/36/37 522/29/37 500/32/37 829/37/37
f 830/44/48 829/45/48 500/46/48 521/7/48
f 474/27/32 470/28/32 531/28/32 532/27/32
f 542/30/66 522/29/66 484/29/66 485/30/66
f 645/47/33 468/30/33 533/30/33 647/47/33
f 524/27/23 523/28/23 543/28/23 544/27/23
f 525/30/23 526/29/23 546/29/23 545/30/23
f 529/17/58 549/18/58 745/35/58 747/34/58
f 650/33/59 552/27/59 556/27/59 652/33/59
f 522/29/37 542/30/37 501/31/37 500/32/37
f 791/36/47 478/27/47 524/27/47 793/33/47
f 790/47/22 458/28/22 504/17/22 786/48/22
f 479/13/47 505/12/47 788/45/47 789/44/47
f 549/10/279 971/84/279 970/85/279 744/41/279 745/40/279
f 873/47/44 490/28/44 496/17/44 869/48/44
f 547/9/165 510/13/165 509/7/165 527/10/165
f 517/30/23 518/29/23 538/29/23 537/30/23
f 747/34/58 745/35/58 547/13/58 527/9/58
f 494/27/252 490/28/252 515/28/252 516/27/252
f 874/36/56 494/27/56 516/27/56 876/33/56
f 830/34/46 828/35/46 539/13/46 519/9/46
f 521/8/66 500/9/66 501/10/66 541/11/66
f 834/33/23 486/27/23 482/27/23 836/33/23
f 557/30/34 558/29/34 566/29/34 565/30/34
f 649/47/67 553/30/67 557/30/67 651/58/67
f 553/30/68 554/29/68 558/29/68 557/30/68
f 552/27/69 551/28/69 555/28/69 556/27/69
f 662/59/280 575/60/280 569/61/280 657/62/280
f 556/27/32 555/28/32 563/28/32 564/27/32
f 652/33/35 556/27/35 564/27/35 654/33/35
f 651/58/33 557/30/33 565/30/33 653/63/33
f 559/64/71 560/65/71 564/27/71 563/28/71
f 655/66/72 559/64/72 563/28/72 653/63/72
f 562/67/73 561/61/73 565/30/73 566/29/73
f 656/68/74 562/67/74 566/29/74 654/33/74
f 569/61/281 570/67/281 574/67/281 573/61/281
f 575/60/282 577/67/282 570/67/282 569/61/282
f 578/65/32 576/64/32 567/64/32 568/65/32
f 661/69/283 578/65/283 568/65/283 658/70/283
f 659/62/23 660/70/23 572/65/23 571/64/23
f 568/65/32 567/64/32 571/64/32 572/65/32
f 658/70/284 568/65/284 572/65/284 660/70/284
f 657/62/285 569/61/285 573/61/285 659/62/285
f 656/68/286 560/65/286 578/65/286 661/69/286
f 560/65/32 559/64/32 576/64/32 578/65/32
f 561/61/287 562/67/287 577/67/287 575/60/287
f 655/66/288 561/61/288 575/60/288 662/59/288
f 584/17/31 580/18/31 620/35/31 622/34/31
f 582/9/83 587/13/83 588/7/83 586/10/83
f 622/34/31 620/35/31 582/13/31 586/9/31
f 584/8/84 590/9/84 589/10/84 580/11/84
f 670/13/85 672/12/85 705/45/85 706/44/85
f 620/40/86 619/41/86 587/42/86 582/43/86
f 579/30/84 583/29/84 594/29/84 593/30/84
f 581/28/23 585/27/23 588/18/23 587/17/23
f 624/36/60 585/27/60 592/27/60 626/33/60
f 583/29/23 579/30/23 589/31/23 590/32/23
f 622/44/60 621/45/60 590/46/60 584/7/60
f 623/47/23 581/28/23 587/17/23 619/48/23
f 593/30/23 594/29/23 598/29/23 597/30/23
f 624/36/23 583/29/23 590/32/23 621/37/23
f 592/27/23 591/28/23 595/28/23 596/27/23
f 585/27/83 581/28/83 591/28/83 592/27/83
f 625/47/23 593/30/23 597/30/23 627/47/23
f 626/33/23 592/27/23 596/27/23 628/33/23
f 601/30/84 602/29/84 610/29/84 609/30/84
f 623/47/86 579/30/86 593/30/86 625/47/86
f 597/30/87 598/29/87 602/29/87 601/30/87
f 596/27/88 595/28/88 599/28/88 600/27/88
f 627/47/89 597/30/89 601/30/89 629/47/89
f 600/27/83 599/28/83 607/28/83 608/27/83
f 628/33/90 596/27/90 600/27/90 630/33/90
f 640/71/289 615/60/289 570/61/289 635/66/289
f 603/64/290 604/65/290 608/27/290 607/28/290
f 630/33/60 600/27/60 608/27/60 632/36/60
f 606/67/93 605/61/93 609/30/93 610/29/93
f 629/47/86 601/30/86 609/30/86 631/47/86
f 615/60/291 617/67/291 569/67/291 570/61/291
f 618/65/292 616/64/292 611/64/292 612/65/292
f 633/71/293 603/64/293 607/28/293 631/47/293
f 639/72/294 618/65/294 612/65/294 636/68/294
f 612/65/295 611/64/295 613/64/295 614/65/295
f 637/66/99 638/68/99 614/65/99 613/64/99
f 634/69/296 606/67/296 610/29/296 632/36/296
f 636/68/297 612/65/297 614/65/297 638/68/297
f 604/65/298 603/64/298 616/64/298 618/65/298
f 605/61/299 606/67/299 617/67/299 615/60/299
f 635/66/300 570/61/300 574/61/300 637/66/300
f 634/69/301 604/65/301 618/65/301 639/72/301
f 633/71/302 605/61/302 615/60/302 640/71/302
f 603/64/303 633/71/303 640/71/303 616/64/303
f 606/67/304 634/69/304 639/72/304 617/67/304
f 569/67/305 636/68/305 638/68/305 573/67/305
f 574/61/110 573/67/110 638/68/110 637/66/110
f 611/64/306 635/66/306 637/66/306 613/64/306
f 617/67/307 639/72/307 636/68/307 569/67/307
f 604/65/113 634/69/113 632/36/113 608/27/113
f 605/61/114 633/71/114 631/47/114 609/30/114
f 599/28/86 629/47/86 631/47/86 607/28/86
f 616/64/308 640/71/308 635/66/308 611/64/308
f 602/29/60 630/33/60 632/36/60 610/29/60
f 595/28/89 627/47/89 629/47/89 599/28/89
f 581/28/86 623/47/86 625/47/86 591/28/86
f 598/29/90 628/33/90 630/33/90 602/29/90
f 591/28/23 625/47/23 627/47/23 595/28/23
f 594/29/23 626/33/23 628/33/23 598/29/23
f 579/30/23 623/47/23 619/48/23 589/31/23
f 585/27/23 624/36/23 621/37/23 588/18/23
f 583/29/60 624/36/60 626/33/60 594/29/60
f 580/10/86 589/7/86 619/41/86 620/40/86
f 559/64/309 655/66/309 662/59/309 576/64/309
f 562/67/310 656/68/310 661/69/310 577/67/310
f 567/64/311 657/62/311 659/62/311 571/64/311
f 570/67/312 658/70/312 660/70/312 574/67/312
f 573/61/23 574/67/23 660/70/23 659/62/23
f 577/67/313 661/69/313 658/70/313 570/67/313
f 560/65/121 656/68/121 654/33/121 564/27/121
f 561/61/122 655/66/122 653/63/122 565/30/122
f 555/28/33 651/58/33 653/63/33 563/28/33
f 558/29/35 652/33/35 654/33/35 566/29/35
f 576/64/314 662/59/314 657/62/314 567/64/314
f 551/28/67 649/47/67 651/58/67 555/28/67
f 554/29/59 650/33/59 652/33/59 558/29/59
f 470/28/33 645/47/33 647/47/33 531/28/33
f 531/28/23 647/47/23 649/47/23 551/28/23
f 534/29/23 648/33/23 650/33/23 554/29/23
f 474/27/23 646/49/23 643/37/23 512/18/23
f 468/30/23 645/47/23 641/52/23 513/31/23
f 472/29/35 646/49/35 648/33/35 534/29/35
f 475/13/35 512/12/35 643/45/35 644/44/35
f 469/10/33 513/7/33 641/41/33 642/40/33
f 473/17/31 469/18/31 642/39/31 644/34/31
f 668/17/124 664/18/124 704/35/124 706/34/124
f 666/9/125 671/13/125 672/7/125 670/10/125
f 706/34/124 704/35/124 666/13/124 670/9/124
f 668/8/126 674/9/126 673/10/126 664/11/126
f 527/13/52 509/12/52 746/45/52 747/44/52
f 704/40/127 703/41/127 671/42/127 666/43/127
f 663/30/126 667/29/126 678/29/126 677/30/126
f 665/28/129 669/27/129 672/18/129 671/17/129
f 708/36/85 669/27/85 676/27/85 710/33/85
f 667/29/129 663/30/129 673/31/129 674/32/129
f 706/44/85 705/45/85 674/46/85 668/7/85
f 707/47/129 665/28/129 671/17/129 703/48/129
f 677/30/23 678/29/23 682/29/23 681/30/23
f 708/36/129 667/29/129 674/32/129 705/37/129
f 676/27/23 675/28/23 679/28/23 680/27/23
f 669/27/125 665/28/125 675/28/125 676/27/125
f 709/47/23 677/30/23 681/30/23 711/47/23
f 710/33/23 676/27/23 680/27/23 712/33/23
f 685/30/126 686/29/126 694/29/126 693/30/126
f 707/47/127 663/30/127 677/30/127 709/47/127
f 681/30/133 682/29/133 686/29/133 685/30/133
f 680/27/134 679/28/134 683/28/134 684/27/134
f 711/47/135 681/30/135 685/30/135 713/47/135
f 684/27/125 683/28/125 691/28/125 692/27/125
f 712/33/136 680/27/136 684/27/136 714/33/136
f 724/71/315 699/60/315 611/61/315 719/66/315
f 687/64/316 688/65/316 692/27/316 691/28/316
f 714/33/85 684/27/85 692/27/85 716/36/85
f 690/67/317 689/61/317 693/30/317 694/29/317
f 713/47/127 685/30/127 693/30/127 715/47/127
f 699/60/318 701/67/318 612/67/318 611/61/318
f 702/65/319 700/64/319 695/64/319 696/65/319
f 717/71/141 687/64/141 691/28/141 715/47/141
f 723/72/320 702/65/320 696/65/320 720/68/320
f 696/65/321 695/64/321 697/64/321 698/65/321
f 721/66/144 722/68/144 698/65/144 697/64/144
f 718/69/145 690/67/145 694/29/145 716/36/145
f 720/68/322 696/65/322 698/65/322 722/68/322
f 688/65/323 687/64/323 700/64/323 702/65/323
f 689/61/324 690/67/324 701/67/324 699/60/324
f 719/66/325 611/61/325 613/61/325 721/66/325
f 718/69/326 688/65/326 702/65/326 723/72/326
f 717/71/327 689/61/327 699/60/327 724/71/327
f 687/64/328 717/71/328 724/71/328 700/64/328
f 690/67/329 718/69/329 723/72/329 701/67/329
f 612/67/330 720/68/330 722/68/330 614/67/330
f 613/61/155 614/67/155 722/68/155 721/66/155
f 695/64/331 719/66/331 721/66/331 697/64/331
f 701/67/332 723/72/332 720/68/332 612/67/332
f 688/65/333 718/69/333 716/36/333 692/27/333
f 689/61/159 717/71/159 715/47/159 693/30/159
f 683/28/127 713/47/127 715/47/127 691/28/127
f 700/64/334 724/71/334 719/66/334 695/64/334
f 686/29/85 714/33/85 716/36/85 694/29/85
f 679/28/135 711/47/135 713/47/135 683/28/135
f 665/28/127 707/47/127 709/47/127 675/28/127
f 682/29/136 712/33/136 714/33/136 686/29/136
f 675/28/23 709/47/23 711/47/23 679/28/23
f 678/29/23 710/33/23 712/33/23 682/29/23
f 663/30/129 707/47/129 703/48/129 673/31/129
f 669/27/129 708/36/129 705/37/129 672/18/129
f 667/29/85 708/36/85 710/33/85 678/29/85
f 664/10/127 673/7/127 703/41/127 704/40/127
f 727/30/62 728/29/62 736/29/62 735/30/62
f 748/47/170 550/30/170 465/30/170 750/47/170
f 461/30/162 460/29/162 728/29/162 727/30/162
f 462/27/163 463/28/163 725/28/163 726/27/163
f 752/47/164 461/30/164 727/30/164 754/47/164
f 726/27/165 725/28/165 733/28/165 734/27/165
f 753/33/166 462/27/166 726/27/166 755/33/166
f 765/71/335 741/60/335 695/61/335 760/66/335
f 729/64/168 730/65/168 734/27/168 733/28/168
f 755/33/52 726/27/52 734/27/52 757/36/52
f 732/67/169 731/61/169 735/30/169 736/29/169
f 754/47/170 727/30/170 735/30/170 756/47/170
f 741/60/336 742/67/336 696/67/336 695/61/336
f 730/65/337 729/64/337 977/64/337 976/86/337 743/65/337
f 758/71/338 729/64/338 733/28/338 756/47/338
f 764/72/339 743/65/339 738/65/339 761/68/339
f 738/65/340 740/65/340 739/64/340 737/64/340
f 762/66/144 763/68/144 740/65/144 739/64/144
f 759/69/176 732/67/176 736/29/176 757/36/176
f 761/68/341 738/65/341 740/65/341 763/68/341
f 975/64/342 974/87/342 765/71/342 760/66/342 737/64/342
f 731/61/343 732/67/343 742/67/343 741/60/343
f 760/66/344 695/61/344 697/61/344 762/66/344
f 759/69/345 730/65/345 743/65/345 764/72/345
f 758/71/346 731/61/346 741/60/346 765/71/346
f 743/65/347 976/88/347 975/64/347 737/64/347 738/65/347
f 732/67/348 759/69/348 764/72/348 742/67/348
f 696/67/349 761/68/349 763/68/349 698/67/349
f 697/61/155 698/67/155 763/68/155 762/66/155
f 737/64/350 760/66/350 762/66/350 739/64/350
f 742/67/351 764/72/351 761/68/351 696/67/351
f 730/65/188 759/69/188 757/36/188 734/27/188
f 731/61/189 758/71/189 756/47/189 735/30/189
f 725/28/170 754/47/170 756/47/170 733/28/170
f 728/29/52 755/33/52 757/36/52 736/29/52
f 463/28/164 752/47/164 754/47/164 725/28/164
f 548/28/170 748/47/170 750/47/170 467/28/170
f 460/29/166 753/33/166 755/33/166 728/29/166
f 467/28/23 750/47/23 752/47/23 463/28/23
f 464/29/23 751/33/23 753/33/23 460/29/23
f 530/29/352 550/30/352 973/89/352 972/90/352 508/32/352
f 528/27/29 749/36/29 746/37/29 509/18/29
f 530/29/52 749/36/52 751/33/52 464/29/52
f 768/30/25 769/29/25 777/29/25 776/30/25
f 790/47/50 456/30/50 525/30/50 792/47/50
f 545/30/192 546/29/192 769/29/192 768/30/192
f 544/27/193 543/28/193 766/28/193 767/27/193
f 794/47/194 545/30/194 768/30/194 796/47/194
f 767/27/24 766/28/24 774/28/24 775/27/24
f 795/33/195 544/27/195 767/27/195 797/33/195
f 807/71/353 782/60/353 737/61/353 802/66/353
f 770/64/197 771/65/197 775/27/197 774/28/197
f 797/33/47 767/27/47 775/27/47 799/36/47
f 773/67/198 772/61/198 776/30/198 777/29/198
f 796/47/50 768/30/50 776/30/50 798/47/50
f 782/60/354 784/67/354 738/67/354 737/61/354
f 785/65/355 783/64/355 778/64/355 779/65/355
f 800/71/201 770/64/201 774/28/201 798/47/201
f 806/72/356 785/65/356 779/65/356 803/68/356
f 779/65/357 781/65/357 780/64/357 778/64/357
f 804/66/99 805/68/99 781/65/99 780/64/99
f 801/69/358 773/67/358 777/29/358 799/36/358
f 803/68/359 779/65/359 781/65/359 805/68/359
f 771/65/360 770/64/360 783/64/360 785/65/360
f 772/61/361 773/67/361 784/67/361 782/60/361
f 802/66/362 737/61/362 739/61/362 804/66/362
f 801/69/363 771/65/363 785/65/363 806/72/363
f 800/71/364 772/61/364 782/60/364 807/71/364
f 770/64/365 800/71/365 807/71/365 783/64/365
f 773/67/366 801/69/366 806/72/366 784/67/366
f 738/67/367 803/68/367 805/68/367 740/67/367
f 739/61/213 740/67/213 805/68/213 804/66/213
f 778/64/368 802/66/368 804/66/368 780/64/368
f 784/67/369 806/72/369 803/68/369 738/67/369
f 771/65/370 801/69/370 799/36/370 775/27/370
f 772/61/371 800/71/371 798/47/371 776/30/371
f 766/28/50 796/47/50 798/47/50 774/28/50
f 783/64/372 807/71/372 802/66/372 778/64/372
f 769/29/47 797/33/47 799/36/47 777/29/47
f 543/28/194 794/47/194 796/47/194 766/28/194
f 458/28/50 790/47/50 792/47/50 523/28/50
f 546/29/195 795/33/195 797/33/195 769/29/195
f 523/28/23 792/47/23 794/47/23 543/28/23
f 526/29/23 793/33/23 795/33/23 546/29/23
f 456/30/22 790/47/22 786/48/22 506/31/22
f 478/27/22 791/36/22 788/37/22 505/18/22
f 476/29/47 791/36/47 793/33/47 526/29/47
f 457/10/50 506/7/50 786/41/50 787/40/50
f 814/61/373 841/71/373 839/47/373 979/91/373 978/92/373
f 831/47/45 542/30/45 485/30/45 833/47/45
f 481/30/221 480/29/221 811/29/221 810/30/221
f 482/27/222 483/28/222 808/28/222 809/27/222
f 835/47/223 481/30/223 810/30/223 837/47/223
f 809/27/51 808/28/51 816/28/51 817/27/51
f 836/33/224 482/27/224 809/27/224 838/33/224
f 848/71/374 823/60/374 778/61/374 843/66/374
f 812/64/226 813/65/226 817/27/226 816/28/226
f 838/33/48 809/27/48 817/27/48 840/36/48
f 810/30/375 811/29/375 818/29/375 981/93/375 980/30/375
f 823/60/376 825/67/376 779/67/376 778/61/376
f 826/65/377 824/64/377 819/64/377 820/65/377
f 841/71/378 812/64/378 816/28/378 839/47/378
f 847/72/379 826/65/379 820/65/379 844/68/379
f 820/65/380 819/64/380 821/64/380 822/65/380
f 845/66/233 846/68/233 822/65/233 821/64/233
f 842/69/381 815/67/381 818/29/381 840/36/381
f 844/68/382 820/65/382 822/65/382 846/68/382
f 813/65/383 812/64/383 824/64/383 826/65/383
f 814/61/384 815/67/384 825/67/384 823/60/384
f 843/66/385 778/61/385 780/61/385 845/66/385
f 842/69/386 813/65/386 826/65/386 847/72/386
f 841/71/387 814/61/387 823/60/387 848/71/387
f 812/64/388 841/71/388 848/71/388 824/64/388
f 815/67/389 842/69/389 847/72/389 825/67/389
f 779/67/390 844/68/390 846/68/390 781/67/390
f 780/61/99 781/67/99 846/68/99 845/66/99
f 819/64/391 843/66/391 845/66/391 821/64/391
f 825/67/392 847/72/392 844/68/392 779/67/392
f 813/65/246 842/69/246 840/36/246 817/27/246
f 837/47/393 810/30/393 980/30/393 979/94/393 839/47/393
f 808/28/394 837/47/394 839/47/394 816/28/394
f 824/64/395 848/71/395 843/66/395 819/64/395
f 811/29/48 838/33/48 840/36/48 818/29/48
f 483/28/223 835/47/223 837/47/223 808/28/223
f 540/28/45 831/47/45 833/47/45 487/28/45
f 480/29/224 836/33/224 838/33/224 811/29/224
f 487/28/23 833/47/23 835/47/23 483/28/23
f 484/29/23 834/33/23 836/33/23 480/29/23
f 542/30/37 831/47/37 827/48/37 501/31/37
f 520/27/37 832/36/37 829/37/37 502/18/37
f 522/29/48 832/36/48 834/33/48 484/29/48
f 541/10/45 501/7/45 827/41/45 828/40/45
f 851/30/39 852/29/39 860/29/39 859/30/39
f 873/47/38 488/30/38 517/30/38 875/47/38
f 537/30/250 538/29/250 852/29/250 851/30/250
f 536/27/251 535/28/251 849/28/251 850/27/251
f 877/47/254 537/30/254 851/30/254 879/47/254
f 850/27/252 849/28/252 857/28/252 858/27/252
f 878/33/253 536/27/253 850/27/253 880/33/253
f 890/71/396 865/60/396 819/61/396 885/66/396
f 853/64/255 854/65/255 858/27/255 857/28/255
f 880/33/56 850/27/56 858/27/56 882/36/56
f 856/67/397 855/61/397 859/30/397 860/29/397
f 879/47/38 851/30/38 859/30/38 881/47/38
f 865/60/398 867/67/398 820/67/398 819/61/398
f 868/65/399 866/64/399 861/64/399 862/65/399
f 883/71/400 853/64/400 857/28/400 881/47/400
f 889/72/401 868/65/401 862/65/401 886/68/401
f 862/65/402 861/64/402 863/64/402 864/65/402
f 887/66/262 888/68/262 864/65/262 863/64/262
f 884/69/263 856/67/263 860/29/263 882/36/263
f 886/68/403 862/65/403 864/65/403 888/68/403
f 854/65/404 853/64/404 866/64/404 868/65/404
f 855/61/405 856/67/405 867/67/405 865/60/405
f 885/66/406 819/61/406 821/61/406 887/66/406
f 884/69/407 854/65/407 868/65/407 889/72/407
f 883/71/408 855/61/408 865/60/408 890/71/408
f 853/64/409 883/71/409 890/71/409 866/64/409
f 856/67/410 884/69/410 889/72/410 867/67/410
f 820/67/411 886/68/411 888/68/411 822/67/411
f 821/61/213 822/67/213 888/68/213 887/66/213
f 861/64/412 885/66/412 887/66/412 863/64/412
f 867/67/413 889/72/413 886/68/413 820/67/413
f 854/65/274 884/69/274 882/36/274 858/27/274
f 855/61/414 883/71/414 881/47/414 859/30/414
f 849/28/38 879/47/38 881/47/38 857/28/38
f 866/64/415 890/71/415 885/66/415 861/64/415
f 852/29/56 880/33/56 882/36/56 860/29/56
f 535/28/254 877/47/254 879/47/254 849/28/254
f 490/28/38 873/47/38 875/47/38 515/28/38
f 538/29/253 878/33/253 880/33/253 852/29/253
f 515/28/23 875/47/23 877/47/23 535/28/23
f 518/29/23 876/33/23 878/33/23 538/29/23
f 488/30/44 873/47/44 869/48/44 498/31/44
f 494/27/44 874/36/44 871/37/44 497/18/44
f 492/29/56 874/36/56 876/33/56 518/29/56
f 489/10/38 498/7/38 869/41/38 870/40/38
f 906/17/416 907/18/416 923/18/416 922/95/416 893/17/416
f 908/10/417 926/96/417 925/97/417 905/42/417 904/43/417
f 906/8/418 891/9/418 908/10/418 904/11/418
f 891/9/419 892/13/419 927/98/419 926/96/419 908/10/419
f 897/13/420 928/99/420 931/9/420 911/9/420 898/13/420
f 893/17/421 922/95/421 921/18/421 895/18/421 896/17/421
f 892/13/422 891/9/422 894/9/422 909/13/422
f 891/9/423 906/8/423 893/8/423 894/9/423
f 894/9/425 893/8/425 896/8/425 930/101/425 929/9/425
f 898/13/426 911/9/426 900/9/426 913/13/426
f 909/13/428 894/9/428 929/9/428 928/99/428 897/13/428
f 913/13/429 900/9/429 902/9/429 901/13/429
f 911/9/430 910/8/430 912/8/430 900/9/430
f 896/17/432 895/18/432 918/18/432 917/104/432 910/17/432
f 900/9/433 912/8/433 903/8/433 902/9/433
f 912/17/435 899/18/435 915/18/435 914/106/435 903/17/435
f 904/31/436 905/32/436 907/18/436 906/17/436
f 903/8/438 914/107/438 916/108/438 901/13/438 902/9/438
f 910/17/440 917/104/440 920/18/440 899/18/440 912/17/440
f 928/99/445 929/9/445 930/101/445 931/9/445
f 931/9/446 930/111/446 896/8/446 910/8/446 911/9/446
f 936/13/450 939/113/450 7/9/450 10/9/450 28/13/450
f 26/10/454 6/7/454 948/115/454 947/116/454 24/43/454
f 24/31/456 947/117/456 949/118/456 946/114/456 945/26/456 25/17/456
f 32/17/458 950/119/458 953/18/458 19/18/458 36/17/458
f 152/13/60 154/12/60 187/45/60 188/44/60
f 954/65/459 955/75/459 956/65/459 957/74/459
f 283/69/460 254/65/460 954/65/460 957/120/460 288/72/460
f 958/79/461 959/78/461 960/67/461 961/77/461
f 958/79/462 961/121/462 371/72/462 368/68/462 303/67/462
f 962/80/463 963/122/463 964/53/463 965/50/463
f 58/9/464 63/13/464 963/122/464 962/123/464 62/10/464
f 966/56/465 967/124/465 968/9/465 969/55/465
f 114/28/466 94/27/466 76/18/466 967/124/466 966/125/466
f 970/126/467 971/84/467 972/82/467 973/89/467
f 550/30/468 748/47/468 744/48/468 970/126/468 973/127/468
f 974/128/469 975/64/469 976/88/469 977/64/469
f 729/64/470 758/71/470 765/71/470 974/128/470 977/64/470
f 978/129/471 979/91/471 980/30/471 981/93/471
f 815/67/472 814/61/472 978/129/472 981/93/472 818/29/472
f 985/8/473 987/12/473 1128/21/473 1127/22/473 984/9/473
f 983/9/474 986/8/474 985/8/474 984/9/474
f 986/17/475 982/18/475 987/18/475 985/17/475
f 999/27/23 998/28/23 1002/28/23 1003/27/23
f 1031/40/476 1030/41/476 995/42/476 991/43/476
f 992/8/477 997/9/477 996/10/477 989/11/477
f 1033/34/478 1031/35/478 991/13/478 994/9/478
f 1037/33/23 999/27/23 1003/27/23 1039/33/23
f 993/27/479 1035/36/479 1032/37/479 1132/50/479 1131/51/479
f 992/17/478 989/18/478 1031/35/478 1033/34/478
f 1035/36/480 1142/130/480 1141/131/480 997/32/480 1032/37/480
f 1141/132/480 1140/133/480 988/30/480 996/31/480 997/32/480
f 1036/47/23 1000/30/23 1004/30/23 1038/47/23
f 990/28/481 993/27/481 1131/53/481 1130/54/481 995/17/481
f 1033/44/482 1032/45/482 997/46/482 992/7/482
f 1034/47/480 990/28/480 995/17/480 1030/48/480
f 1000/30/23 1001/29/23 1005/29/23 1004/30/23
f 993/27/483 990/28/483 998/28/483 999/27/483
f 1035/36/484 993/27/484 999/27/484 1037/33/484
f 1007/65/485 1006/64/485 1008/64/485 1009/65/485
f 1012/30/477 1013/29/477 1021/29/477 1020/30/477
f 1034/47/486 988/30/486 1000/30/486 1036/47/486
f 1004/30/487 1005/29/487 1013/29/487 1012/30/487
f 1003/27/488 1002/28/488 1010/28/488 1011/27/488
f 1011/27/489 1010/28/489 1018/28/489 1019/27/489
f 1039/33/490 1003/27/490 1011/27/490 1041/33/490
f 1038/47/491 1004/30/491 1012/30/491 1040/47/491
f 1045/69/492 1144/134/492 1143/65/492 1029/65/492 1050/72/492
f 1041/33/482 1011/27/482 1019/27/482 1043/36/482
f 1017/67/493 1016/61/493 1020/30/493 1021/29/493
f 1040/47/476 1012/30/476 1020/30/476 1042/47/476
f 1026/60/494 1028/67/494 1007/67/494 1006/61/494
f 1029/65/495 1027/64/495 1022/64/495 1023/65/495
f 1044/71/496 1014/64/496 1018/28/496 1042/47/496
f 1050/72/497 1029/65/497 1023/65/497 1047/68/497
f 1023/65/498 1022/64/498 1024/64/498 1025/65/498
f 1048/66/499 1049/68/499 1025/65/499 1024/64/499
f 1045/69/500 1017/67/500 1021/29/500 1043/36/500
f 1047/68/501 1023/65/501 1025/65/501 1049/68/501
f 1014/64/502 1146/135/502 1145/136/502 1019/27/502 1018/28/502
f 1016/61/503 1017/67/503 1028/67/503 1026/60/503
f 1026/60/504 1006/61/504 1046/66/504 1022/64/504 1027/64/504
f 1046/66/505 1006/61/505 1008/61/505 1048/66/505
f 1145/137/506 1144/138/506 1045/69/506 1043/36/506 1019/27/506
f 1017/67/507 1045/69/507 1050/72/507 1028/67/507
f 1007/67/508 1047/68/508 1049/68/508 1009/67/508
f 1008/61/509 1009/67/509 1049/68/509 1048/66/509
f 1022/64/510 1046/66/510 1048/66/510 1024/64/510
f 1028/67/511 1050/72/511 1047/68/511 1007/67/511
f 1149/8/512 1151/12/512 1154/21/512 1153/22/512 1148/9/512
f 1016/61/513 1044/71/513 1042/47/513 1020/30/513
f 1010/28/476 1040/47/476 1042/47/476 1018/28/476
f 1013/29/482 1041/33/482 1043/36/482 1021/29/482
f 1002/28/491 1038/47/491 1040/47/491 1010/28/491
f 990/28/486 1034/47/486 1036/47/486 998/28/486
f 1005/29/490 1039/33/490 1041/33/490 1013/29/490
f 998/28/23 1036/47/23 1038/47/23 1002/28/23
f 1001/29/23 1037/33/23 1039/33/23 1005/29/23
f 988/30/480 1034/47/480 1030/48/480 996/31/480
f 994/13/514 1129/80/514 1132/81/514 1032/45/514 1033/44/514
f 988/30/515 1140/139/515 1139/29/515 1001/29/515 1000/30/515
f 989/10/476 996/7/476 1030/41/476 1031/40/476
f 1044/71/516 1016/61/516 1026/60/516 1027/64/516 1014/64/516
f 1058/13/482 1060/12/482 1097/45/482 1098/44/482
f 1064/27/23 1063/28/23 1067/28/23 1068/27/23
f 1096/40/476 1095/41/476 1059/42/476 1054/43/476
f 1056/8/477 1062/9/477 1061/10/477 1052/11/477
f 1098/34/478 1096/35/478 1054/13/478 1058/9/478
f 1102/33/23 1064/27/23 1068/27/23 1104/33/23
f 1053/28/480 1057/27/480 1060/18/480 1059/17/480
f 1056/17/478 1052/18/478 1096/35/478 1098/34/478
f 1051/30/477 1055/29/477 1066/29/477 1065/30/477
f 1100/36/480 1055/29/480 1062/32/480 1097/37/480
f 1101/47/23 1065/30/23 1069/30/23 1103/47/23
f 1054/9/489 1059/13/489 1060/7/489 1058/10/489
f 1055/29/480 1051/30/480 1061/31/480 1062/32/480
f 1098/44/482 1097/45/482 1062/46/482 1056/7/482
f 1099/47/480 1053/28/480 1059/17/480 1095/48/480
f 1065/30/23 1066/29/23 1070/29/23 1069/30/23
f 1057/27/489 1053/28/489 1063/28/489 1064/27/489
f 1100/36/482 1057/27/482 1064/27/482 1102/33/482
f 1072/65/517 1071/64/517 1073/64/517 1074/65/517
f 1077/30/477 1078/29/477 1086/29/477 1085/30/477
f 1099/47/476 1051/30/476 1065/30/476 1101/47/476
f 1069/30/487 1070/29/487 1078/29/487 1077/30/487
f 1068/27/488 1067/28/488 1075/28/488 1076/27/488
f 1103/47/491 1069/30/491 1077/30/491 1105/47/491
f 1076/27/489 1075/28/489 1083/28/489 1084/27/489
f 1104/33/490 1068/27/490 1076/27/490 1106/33/490
f 1116/71/518 1091/60/518 1071/61/518 1111/66/518
f 1079/64/519 1080/65/519 1084/27/519 1083/28/519
f 1106/33/482 1076/27/482 1084/27/482 1108/36/482
f 1082/67/520 1081/61/520 1085/30/520 1086/29/520
f 1105/47/476 1077/30/476 1085/30/476 1107/47/476
f 1091/60/521 1093/67/521 1072/67/521 1071/61/521
f 1094/65/522 1092/64/522 1087/64/522 1088/65/522
f 1109/71/523 1079/64/523 1083/28/523 1107/47/523
f 1115/72/524 1094/65/524 1088/65/524 1112/68/524
f 1088/65/489 1087/64/489 1089/64/489 1090/65/489
f 1113/66/499 1114/68/499 1090/65/499 1089/64/499
f 1110/69/500 1082/67/500 1086/29/500 1108/36/500
f 1112/68/525 1088/65/525 1090/65/525 1114/68/525
f 1080/65/526 1079/64/526 1092/64/526 1094/65/526
f 1081/61/527 1082/67/527 1093/67/527 1091/60/527
f 1111/66/528 1071/61/528 1073/61/528 1113/66/528
f 1110/69/529 1080/65/529 1094/65/529 1115/72/529
f 1109/71/530 1081/61/530 1091/60/530 1116/71/530
f 1079/64/531 1109/71/531 1116/71/531 1092/64/531
f 1082/67/532 1110/69/532 1115/72/532 1093/67/532
f 1072/67/533 1112/68/533 1114/68/533 1074/67/533
f 1073/61/509 1074/67/509 1114/68/509 1113/66/509
f 1087/64/534 1111/66/534 1113/66/534 1089/64/534
f 1093/67/535 1115/72/535 1112/68/535 1072/67/535
f 1080/65/536 1110/69/536 1108/36/536 1084/27/536
f 1081/61/537 1109/71/537 1107/47/537 1085/30/537
f 1075/28/476 1105/47/476 1107/47/476 1083/28/476
f 1092/64/538 1116/71/538 1111/66/538 1087/64/538
f 1078/29/482 1106/33/482 1108/36/482 1086/29/482
f 1067/28/491 1103/47/491 1105/47/491 1075/28/491
f 1053/28/476 1099/47/476 1101/47/476 1063/28/476
f 1070/29/490 1104/33/490 1106/33/490 1078/29/490
f 1063/28/23 1101/47/23 1103/47/23 1067/28/23
f 1066/29/23 1102/33/23 1104/33/23 1070/29/23
f 1051/30/480 1099/47/480 1095/48/480 1061/31/480
f 1057/27/480 1100/36/480 1097/37/480 1060/18/480
f 1055/29/482 1100/36/482 1102/33/482 1066/29/482
f 1052/10/476 1061/7/476 1095/41/476 1096/40/476
f 1118/9/539 1122/8/539 1121/8/539 1120/9/539
f 1134/13/540 1133/22/540 1118/9/540 1120/9/540 1119/13/540
f 1122/17/541 1117/18/541 1124/18/541 1123/106/541 1121/17/541
f 1121/8/543 1123/107/543 1125/108/543 1119/13/543 1120/9/543
f 1137/13/545 1136/140/545 983/9/545 984/9/545 1127/22/545 1126/13/545
f 1129/80/546 1130/122/546 1131/53/546 1132/50/546
f 991/9/547 995/13/547 1130/122/547 1129/123/547 994/10/547
f 1139/29/552 1140/139/552 1141/132/552 1142/130/552
f 1139/29/484 1142/143/484 1035/36/484 1037/33/484 1001/29/484
f 1143/65/553 1144/134/553 1145/137/553 1146/135/553
f 1143/65/554 1146/144/554 1014/64/554 1027/64/554 1029/65/554
f 1147/9/555 1150/8/555 1149/8/555 1148/9/555
f 1150/17/556 1015/18/556 1151/18/556 1149/17/556
f 1157/13/558 1156/140/558 1147/9/558 1148/9/558 1153/22/558 1152/13/558
f 1170/27/23 1169/28/23 1173/28/23 1174/27/23
f 1201/40/561 1200/41/561 1166/42/561 1162/43/561
f 1163/8/562 1168/9/562 1167/10/562 1160/11/562
f 1203/34/563 1201/35/563 1162/13/563 1165/9/563
f 1207/33/23 1170/27/23 1174/27/23 1209/33/23
f 1164/27/564 1205/36/564 1202/37/564 1224/50/564 1223/51/564
f 1163/17/563 1160/18/563 1201/35/563 1203/34/563
f 1205/36/565 1228/130/565 1227/131/565 1168/32/565 1202/37/565
f 1227/132/565 1226/133/565 1159/30/565 1167/31/565 1168/32/565
f 1206/47/23 1171/30/23 1175/30/23 1208/47/23
f 1161/28/566 1164/27/566 1223/53/566 1222/54/566 1166/17/566
f 1203/44/567 1202/45/567 1168/46/567 1163/7/567
f 1204/47/565 1161/28/565 1166/17/565 1200/48/565
f 1171/30/23 1172/29/23 1176/29/23 1175/30/23
f 1164/27/568 1161/28/568 1169/28/568 1170/27/568
f 1205/36/569 1164/27/569 1170/27/569 1207/33/569
f 1178/65/570 1177/64/570 1179/64/570 1180/65/570
f 1183/30/562 1184/29/562 1191/29/562 1190/30/562
f 1204/47/571 1159/30/571 1171/30/571 1206/47/571
f 1175/30/572 1176/29/572 1184/29/572 1183/30/572
f 1174/27/573 1173/28/573 1181/28/573 1182/27/573
f 1182/27/574 1181/28/574 1188/28/574 1189/27/574
f 1209/33/575 1174/27/575 1182/27/575 1211/33/575
f 1208/47/576 1175/30/576 1183/30/576 1210/47/576
f 1215/69/577 1230/134/577 1229/65/577 1199/65/577 1220/72/577
f 1211/33/567 1182/27/567 1189/27/567 1213/36/567
f 1187/67/578 1186/61/578 1190/30/578 1191/29/578
f 1210/47/561 1183/30/561 1190/30/561 1212/47/561
f 1196/60/579 1198/67/579 1178/67/579 1177/61/579
f 1199/65/580 1197/64/580 1192/64/580 1193/65/580
f 1214/71/581 1185/64/581 1188/28/581 1212/47/581
f 1220/72/582 1199/65/582 1193/65/582 1217/68/582
f 1193/65/583 1192/64/583 1194/64/583 1195/65/583
f 1218/66/584 1219/68/584 1195/65/584 1194/64/584
f 1215/69/585 1187/67/585 1191/29/585 1213/36/585
f 1217/68/586 1193/65/586 1195/65/586 1219/68/586
f 1185/64/587 1232/135/587 1231/136/587 1189/27/587 1188/28/587
f 1186/61/588 1187/67/588 1198/67/588 1196/60/588
f 1196/60/589 1177/61/589 1216/66/589 1192/64/589 1197/64/589
f 1216/66/590 1177/61/590 1179/61/590 1218/66/590
f 1231/137/591 1230/138/591 1215/69/591 1213/36/591 1189/27/591
f 1187/67/592 1215/69/592 1220/72/592 1198/67/592
f 1178/67/593 1217/68/593 1219/68/593 1180/67/593
f 1179/61/594 1180/67/594 1219/68/594 1218/66/594
f 1192/64/595 1216/66/595 1218/66/595 1194/64/595
f 1198/67/596 1220/72/596 1217/68/596 1178/67/596
f 1186/61/597 1214/71/597 1212/47/597 1190/30/597
f 1181/28/561 1210/47/561 1212/47/561 1188/28/561
f 1184/29/567 1211/33/567 1213/36/567 1191/29/567
f 1173/28/576 1208/47/576 1210/47/576 1181/28/576
f 1161/28/571 1204/47/571 1206/47/571 1169/28/571
f 1176/29/598 1209/33/598 1211/33/598 1184/29/598
f 1169/28/23 1206/47/23 1208/47/23 1173/28/23
f 1172/29/23 1207/33/23 1209/33/23 1176/29/23
f 1159/30/565 1204/47/565 1200/48/565 1167/31/565
f 1165/13/599 1221/80/599 1224/81/599 1202/45/599 1203/44/599
f 1159/30/600 1226/139/600 1225/29/600 1172/29/600 1171/30/600
f 1160/10/561 1167/7/561 1200/41/561 1201/40/561
f 1214/71/601 1186/61/601 1196/60/601 1197/64/601 1185/64/601
f 1221/80/602 1222/122/602 1223/53/602 1224/50/602
f 1162/9/603 1166/13/603 1222/122/603 1221/123/603 1165/10/603
f 1225/29/604 1226/139/604 1227/132/604 1228/130/604
f 1225/29/569 1228/143/569 1205/36/569 1207/33/569 1172/29/569
f 1229/65/605 1230/134/605 1231/137/605 1232/135/605
f 1229/65/606 1232/144/606 1185/64/606 1197/64/606 1199/65/606
f 1236/8/607 1238/12/607 1241/21/607 1240/22/607 1235/9/607
f 1234/9/608 1237/8/608 1236/8/608 1235/9/608
f 1237/17/609 1233/18/609 1238/18/609 1236/17/609
f 1239/13/610 1240/22/610 1241/21/610
f 1243/13/611 1242/140/611 1234/9/611 1235/9/611 1240/22/611 1239/13/611
f 1242/140/612 1243/13/612 1244/142/612
